fg,3p,ft,reb,ast,stl,blk,tov,total_points,efficiency
34.7,25.0,69.9,4.1,1.9,0.4,0.4,1.3,266.40000000000003,9.72262773722628
29.6,23.5,76.5,2.4,3.7,1.1,0.5,1.6,252.0,9.368029739776953
42.2,24.4,67.0,2.2,1.0,0.5,0.3,1.0,384.8,25.15032679738562
42.6,22.6,68.9,1.9,0.8,0.6,0.1,1.0,330.6,28.500000000000004
52.4,0.0,67.4,2.5,0.3,0.3,0.4,0.8,216.0,18.782608695652176
42.3,32.5,73.2,0.8,1.8,0.4,0.0,0.7,277.5,24.342105263157894
43.5,50.0,81.1,2.0,0.6,0.2,0.1,0.7,409.2,37.54128440366972
41.5,30.0,87.5,1.7,0.2,0.2,0.1,0.7,273.6,26.563106796116504
39.2,23.3,71.4,0.8,2.3,0.3,0.0,1.1,156.0,15.757575757575758
38.3,21.4,67.8,1.1,0.3,0.2,0.0,0.7,155.4,18.28235294117647
36.5,33.3,81.8,0.9,0.7,0.1,0.1,0.3,80.5,11.666666666666666
39.8,13.6,77.6,1.2,0.4,0.3,0.1,0.6,144.0,21.492537313432834
47.2,0.0,28.6,2.0,0.2,0.2,0.6,0.3,35.1,5.318181818181818
32.3,30.1,86.1,2.0,0.5,0.5,0.3,0.5,251.99999999999997,16.470588235294116
53.7,0.0,50.0,1.4,0.2,0.2,0.4,0.6,105.6,16.499999999999996
51.4,14.3,68.4,0.4,1.4,0.3,0.0,0.8,104.0,17.049180327868854
37.6,0.0,64.2,1.2,0.2,0.3,0.2,0.5,102.9,19.415094339622645
34.8,21.4,73.1,0.3,1.0,0.3,0.0,0.4,69.7,16.595238095238095
49.0,22.7,82.9,11.0,3.6,1.0,0.6,1.9,1574.3999999999999,42.32258064516128
49.0,22.7,82.9,11.0,3.6,1.0,0.6,1.9,1574.3999999999999,42.32258064516128
52.5,11.1,65.4,8.0,2.4,1.1,0.8,2.2,1144.0,36.433121019108285
48.9,16.7,66.6,5.1,2.5,1.5,0.3,2.2,1090.6000000000001,35.757377049180334
37.5,13.3,73.0,2.9,2.2,2.0,0.2,2.0,805.6,26.58745874587459
45.4,32.0,74.8,3.1,4.6,1.0,0.3,2.5,732.0,24.72972972972973
53.3,0.0,62.5,5.2,0.4,0.5,0.5,1.0,201.6,13.263157894736842
51.4,0.0,80.7,5.9,1.6,0.7,0.6,1.5,790.4,26.976109215017065
45.1,43.4,83.6,1.9,3.7,0.6,0.0,1.8,483.6,19.658536585365855
41.5,0.0,73.6,5.1,1.7,0.8,0.5,1.3,668.8000000000001,29.724444444444448
44.7,39.0,74.1,3.0,2.2,1.2,0.3,1.2,787.8,35.809090909090905
49.7,0.0,66.7,5.4,0.8,0.5,0.5,1.5,428.40000000000003,20.695652173913047
55.2,0.0,57.2,6.4,0.5,0.4,1.2,0.8,396.8,19.54679802955665
52.9,0.0,51.5,6.1,0.7,0.4,1.5,1.4,572.0,28.177339901477833
41.9,4.3,80.6,2.0,3.9,1.0,0.3,1.7,606.8000000000001,30.95918367346939
52.8,0.0,66.9,5.7,0.7,0.8,1.1,1.8,436.79999999999995,23.11111111111111
30.2,18.5,91.2,1.4,3.1,0.6,0.2,1.0,146.2,10.910447761194028
40.0,35.7,83.3,2.0,1.1,0.8,0.1,1.1,357.0,19.193548387096772
37.0,14.5,74.1,1.7,3.8,0.7,0.1,1.2,451.0,24.510869565217394
39.0,23.1,74.5,2.0,3.2,1.1,0.1,1.5,448.0,26.352941176470587
52.9,0.0,69.1,4.2,0.4,0.6,0.8,1.1,592.0,35.02958579881657
46.7,21.4,81.0,3.8,0.4,0.3,0.6,0.9,431.2,28.556291390728475
41.7,37.5,76.1,1.5,1.5,0.7,0.2,0.8,225.49999999999997,15.134228187919462
40.7,9.5,80.4,1.7,2.1,0.9,0.0,1.3,244.79999999999998,16.54054054054054
39.9,27.0,87.5,1.5,2.8,0.9,0.0,1.4,255.0,17.586206896551722
40.2,36.7,76.9,2.1,0.8,0.3,0.2,0.7,198.9,15.06818181818182
42.3,0.0,80.3,1.3,1.9,0.6,0.1,1.3,331.2,26.709677419354836
45.2,100.0,82.1,2.7,0.6,0.5,0.3,0.6,248.4,21.050847457627118
56.8,0.0,66.1,3.4,0.3,0.6,0.7,0.8,307.8,27.238938053097346
30.3,36.6,66.7,0.7,1.5,0.7,0.1,1.3,98.39999999999999,9.283018867924527
41.5,19.2,75.4,1.1,1.8,0.6,0.1,1.0,204.99999999999997,21.354166666666664
45.6,0.0,65.5,1.2,1.1,0.6,0.2,0.8,190.4,19.833333333333336
38.8,29.2,75.6,0.7,1.4,0.4,0.1,1.0,247.9,27.544444444444444
38.0,14.3,65.9,0.8,1.6,0.7,0.1,1.0,125.0,14.367816091954024
47.5,0.0,75.0,1.5,0.3,0.2,0.2,0.6,121.50000000000001,14.294117647058826
36.8,22.2,82.6,0.9,0.7,0.3,0.1,0.6,129.2,15.75609756097561
43.9,0.0,52.5,1.9,0.3,0.1,0.1,0.8,117.6,14.341463414634147
45.6,18.8,74.4,1.3,0.6,0.2,0.1,0.5,172.8,21.07317073170732
39.2,20.0,53.6,1.2,0.6,0.4,0.2,0.8,140.0,19.178082191780824
44.3,18.2,81.0,1.1,0.3,0.2,0.1,0.5,103.6,14.191780821917808
43.1,27.0,52.6,0.8,0.5,0.2,0.0,0.3,119.60000000000001,17.850746268656717
38.4,43.3,83.3,0.8,0.3,0.1,0.0,0.3,112.2,17.53125
38.0,0.0,75.6,1.2,0.3,0.1,0.1,0.5,88.0,16.60377358490566
37.8,0.0,37.5,1.0,0.4,0.3,0.2,0.3,30.400000000000002,6.333333333333334
35.3,11.8,66.7,0.6,0.6,0.1,0.0,0.5,46.800000000000004,10.88372093023256
42.2,27.3,73.6,8.8,4.0,1.4,1.1,2.9,1422.0,37.718832891246684
30.4,20.4,74.5,1.2,0.5,0.7,0.1,0.7,187.0,14.274809160305344
46.7,34.2,73.1,10.3,2.2,1.0,1.3,2.9,1361.6,38.68181818181817
40.6,36.5,77.0,2.8,4.0,1.3,0.2,2.5,915.2,27.31940298507463
42.5,37.4,75.0,2.9,1.6,0.8,0.3,1.6,1287.3999999999999,45.171929824561396
45.0,7.7,71.1,3.0,6.4,2.0,0.2,2.2,590.4,21.547445255474454
51.2,0.0,72.2,7.9,0.3,0.6,1.5,0.9,575.1,22.204633204633208
44.1,13.3,78.2,3.4,1.4,0.9,0.3,1.9,912.0,35.90551181102362
46.4,20.6,87.3,2.2,4.2,1.0,0.2,1.7,713.4,30.10126582278481
46.4,20.6,87.3,2.2,4.2,1.0,0.2,1.7,713.4,30.10126582278481
32.7,21.4,64.9,0.8,1.7,0.5,0.1,0.6,93.1,10.119565217391305
32.7,21.4,64.9,0.8,1.7,0.5,0.1,0.6,93.1,10.119565217391305
45.0,14.3,83.5,3.2,3.7,1.3,0.5,2.0,902.0,38.05907172995781
50.8,0.0,63.6,5.1,0.9,0.6,1.9,1.3,524.4,23.203539823008846
41.3,24.0,85.7,1.8,3.1,0.8,0.1,1.6,944.6999999999999,41.986666666666665
43.9,9.7,70.7,2.1,2.5,0.4,0.2,1.6,616.0,29.90291262135922
42.8,29.9,81.6,3.5,1.8,0.5,0.3,1.5,696.6,33.98048780487805
49.7,40.0,84.3,3.3,1.4,0.6,0.3,0.9,237.6,12.184615384615384
41.7,0.0,55.0,5.6,0.4,0.6,1.2,0.9,307.4,15.927461139896371
41.9,25.0,79.6,1.7,1.3,0.3,0.1,1.0,504.0,29.822485207100595
41.2,17.6,74.7,1.9,2.8,0.8,0.1,1.2,401.8,24.35151515151515
38.0,29.2,77.3,1.9,1.2,0.5,0.1,1.2,427.8,26.40740740740741
42.5,0.0,67.2,4.3,0.4,0.2,0.3,1.4,483.6,30.03726708074534
48.7,0.0,66.2,4.8,0.5,0.3,0.3,0.7,401.5,24.93788819875776
49.2,0.0,63.2,5.2,0.3,0.5,0.4,1.0,392.2,24.360248447204967
42.1,29.8,63.0,2.9,0.8,0.6,0.3,0.9,509.2,33.064935064935064
46.5,0.0,71.2,4.2,0.6,0.6,0.5,0.8,313.5,21.040268456375838
44.6,18.2,58.8,1.5,2.8,0.7,0.2,1.6,263.2,18.405594405594403
44.1,40.0,72.2,2.1,0.9,0.4,0.1,1.0,299.7,22.03676470588235
46.5,0.0,64.4,2.7,0.6,0.2,0.2,1.0,266.59999999999997,20.045112781954884
38.4,16.1,80.5,1.0,1.3,0.5,0.1,0.9,241.79999999999998,19.343999999999998
43.8,11.8,68.4,2.0,0.8,0.6,0.2,0.8,351.90000000000003,29.571428571428573
41.3,0.0,55.6,1.4,1.0,0.4,0.0,0.8,140.4,11.898305084745763
41.6,25.0,65.2,1.9,0.7,0.5,0.2,0.3,229.4,19.77586206896552
48.7,16.7,66.3,2.4,0.6,0.3,0.1,1.1,516.5999999999999,44.53448275862068
34.8,27.3,64.3,2.2,0.8,0.5,0.2,0.3,72.60000000000001,6.722222222222222
46.0,0.0,68.9,2.8,0.7,0.2,0.4,0.8,237.60000000000002,21.21428571428572
40.8,27.8,73.2,1.1,1.2,0.5,0.1,0.7,277.4,25.218181818181815
40.4,0.0,66.7,3.0,0.2,0.3,0.3,0.7,54.0,4.954128440366972
44.1,0.0,70.2,1.1,2.1,0.4,0.2,1.1,236.8,21.724770642201836
41.5,0.0,80.0,0.8,1.9,0.5,0.1,0.8,190.4,17.962264150943398
39.1,0.0,69.6,1.2,1.0,0.3,0.1,0.8,204.8,19.320754716981135
41.8,33.3,90.5,0.8,1.9,0.5,0.0,0.6,210.8,20.871287128712872
40.3,37.5,75.8,1.4,0.7,0.3,0.0,0.5,136.29999999999998,13.629999999999999
44.7,50.0,66.1,2.1,0.3,0.2,0.1,0.8,182.0,18.57142857142857
40.0,40.0,77.8,1.0,0.4,0.3,0.2,0.5,236.8,24.926315789473687
36.7,0.0,44.4,1.9,0.5,0.1,0.1,0.7,98.6,9.129629629629628
43.9,0.0,55.0,2.9,0.4,0.1,0.7,0.8,159.6,16.8
45.8,15.8,84.8,1.3,0.7,0.2,0.0,1.0,225.0,24.193548387096772
45.5,0.0,65.3,1.8,0.2,0.2,0.7,0.3,145.6,19.945205479452053
52.0,0.0,68.0,1.7,0.4,0.1,0.4,0.6,217.5,31.071428571428573
42.0,24.0,48.0,1.7,0.5,0.4,0.3,0.3,85.80000000000001,12.61764705882353
51.0,50.0,71.4,1.9,0.3,0.2,0.3,0.5,127.5,19.31818181818182
37.3,0.0,54.5,1.5,0.1,0.1,0.1,0.1,67.60000000000001,10.903225806451614
51.3,0.0,90.5,1.2,0.2,0.1,0.1,0.1,58.5,10.086206896551724
53.1,0.0,73.2,12.0,2.0,1.7,3.9,3.1,1992.6000000000001,54.442622950819676
35.3,25.8,55.2,1.4,0.4,0.3,0.1,0.2,105.39999999999999,9.850467289719626
47.1,27.4,76.4,3.9,8.7,2.1,0.1,3.3,1161.3,34.459940652818986
47.1,27.4,76.4,3.9,8.7,2.1,0.1,3.3,1161.3,34.459940652818986
44.0,0.0,66.4,8.4,1.2,1.1,0.7,2.1,910.1999999999999,27.08928571428571
46.1,27.7,58.9,2.6,6.8,1.6,0.3,1.7,934.8000000000001,29.676190476190477
49.4,16.1,68.7,2.5,7.6,1.8,0.1,3.0,1158.3,37.97704918032787
44.6,0.0,76.8,5.8,1.1,0.8,0.7,1.2,1016.0,33.64238410596027
43.9,24.6,73.4,4.6,1.8,0.9,0.3,1.5,1047.2,34.906666666666666
43.9,24.6,73.4,4.6,1.8,0.9,0.3,1.5,1047.2,34.906666666666666
37.1,22.5,77.8,2.8,4.2,1.6,0.3,2.2,505.0,19.960474308300395
48.1,11.1,86.6,3.7,1.9,0.6,0.2,1.4,810.0,32.27091633466135
50.7,30.0,71.9,3.1,1.8,0.9,0.4,1.9,729.8000000000001,31.7304347826087
44.9,13.3,57.4,2.9,0.3,0.2,0.4,0.4,185.0,17.452830188679247
49.4,5.9,70.5,3.9,1.5,0.8,0.4,1.7,931.5,42.34090909090909
50.4,0.0,72.7,4.7,1.1,0.5,0.7,1.4,729.8000000000001,33.63133640552996
40.5,39.9,80.9,1.6,2.5,0.7,0.0,1.5,785.6999999999999,39.089552238805965
41.1,13.3,70.5,2.3,0.6,0.6,0.2,0.7,434.7,22.178571428571427
39.7,27.3,55.0,3.8,0.9,0.7,0.7,1.6,746.1999999999999,39.06806282722513
47.9,0.0,66.7,3.4,1.0,0.4,0.2,1.1,335.5,18.63888888888889
47.0,0.0,76.2,3.1,0.7,0.4,0.3,0.9,547.5,30.586592178770953
49.7,0.0,72.2,5.0,0.6,0.3,0.2,0.7,626.4,36.84705882352941
48.6,0.0,74.7,1.9,1.5,0.7,0.2,1.2,632.0,37.61904761904762
39.5,38.5,69.2,3.4,0.2,0.2,0.4,0.4,82.5,7.9326923076923075
48.5,50.0,88.5,1.3,2.5,0.6,0.1,1.0,453.59999999999997,28.52830188679245
46.6,0.0,62.1,3.6,0.4,0.4,0.4,1.1,296.1,21.150000000000002
47.9,16.7,73.6,4.3,0.3,0.6,0.9,1.3,526.5,38.15217391304348
43.7,0.0,64.3,2.8,0.8,0.2,0.2,0.8,323.3,24.492424242424246
40.6,14.3,68.0,1.2,1.9,0.3,0.1,0.8,197.79999999999998,15.215384615384615
36.9,7.1,56.2,3.1,0.4,0.4,0.1,0.8,236.5,18.333333333333332
54.7,25.0,67.1,2.1,0.6,0.6,0.2,0.5,241.89999999999998,19.50806451612903
45.9,0.0,77.7,2.1,0.7,0.5,0.1,1.2,389.40000000000003,34.46017699115044
40.5,26.4,70.3,6.2,6.3,1.9,0.6,3.5,1169.0,33.88405797101449
42.9,28.6,66.0,0.7,2.3,0.3,0.0,1.1,269.5,24.5
29.8,23.3,69.4,0.9,1.8,0.5,0.1,1.4,144.29999999999998,13.238532110091741
38.4,18.8,66.1,0.9,2.5,0.5,0.0,1.1,207.70000000000002,20.564356435643568
43.0,0.0,50.0,2.9,0.5,0.2,0.3,0.4,79.8,8.142857142857142
47.3,35.7,67.0,1.5,0.9,0.6,0.0,0.8,260.0,26.530612244897956
47.6,7.1,82.8,1.5,1.2,0.1,0.0,0.8,325.0,34.21052631578947
47.6,7.1,82.8,1.5,1.2,0.1,0.0,0.8,325.0,34.21052631578947
54.2,0.0,48.5,5.9,0.8,0.7,0.6,1.3,565.8000000000001,26.688679245283023
54.2,0.0,48.5,5.9,0.8,0.7,0.6,1.3,565.8000000000001,26.688679245283023
31.3,32.5,78.9,1.0,1.0,0.4,0.1,0.8,118.80000000000001,12.638297872340427
47.5,0.0,61.5,1.4,0.6,0.5,0.2,0.7,154.79999999999998,17.590909090909086
44.4,0.0,69.7,1.2,1.7,0.6,0.1,0.6,174.0,20.0
44.4,0.0,69.7,1.2,1.7,0.6,0.1,0.6,174.0,20.0
49.5,0.0,72.5,6.5,1.5,1.0,1.3,2.1,1157.3,38.069078947368425
49.5,0.0,72.5,6.5,1.5,1.0,1.3,2.1,1157.3,38.069078947368425
39.2,31.9,54.5,0.8,0.6,0.3,0.2,0.8,119.0,13.837209302325581
39.2,31.9,54.5,0.8,0.6,0.3,0.2,0.8,119.0,13.837209302325581
49.4,0.0,60.9,2.4,0.4,0.2,0.1,0.9,202.5,24.397590361445783
38.0,33.0,90.3,3.0,5.7,0.6,0.1,1.9,896.0,27.73993808049536
36.8,25.0,61.5,1.2,0.4,0.3,0.1,0.4,114.0,14.805194805194805
39.3,27.3,81.3,1.3,0.3,0.2,0.1,0.6,135.20000000000002,18.520547945205482
55.3,0.0,46.4,2.1,0.1,0.2,0.3,0.6,96.89999999999999,14.907692307692306
43.5,40.0,88.9,0.7,0.3,0.2,0.2,0.6,115.5,18.629032258064516
23.8,16.7,76.5,0.6,1.3,0.3,0.0,0.5,52.800000000000004,9.263157894736842
33.3,0.0,50.0,1.1,0.1,0.1,0.3,0.1,14.7,2.9999999999999996
33.8,28.6,80.0,0.6,0.3,0.1,0.0,0.6,72.0,16.74418604651163
37.5,25.0,69.2,1.1,0.0,0.1,0.4,0.3,46.2,11.26829268292683
46.8,36.7,81.0,5.9,4.2,1.0,0.2,3.4,1738.0,50.52325581395349
49.8,19.0,77.5,5.1,4.6,1.9,0.8,3.2,1506.6000000000001,44.57396449704143
41.9,32.7,78.0,4.1,4.1,1.6,0.5,3.2,1104.0,35.4983922829582
45.5,42.8,83.1,2.8,3.0,1.5,0.5,2.0,1192.8999999999999,36.59202453987729
42.5,27.0,74.6,3.3,4.4,1.8,0.3,3.1,1090.2,36.70707070707071
48.6,0.0,74.9,6.7,1.8,1.5,0.6,2.5,975.8000000000001,32.85521885521886
41.4,31.4,79.5,2.5,2.3,0.9,0.3,1.5,1267.5,42.820945945945944
43.3,0.0,82.6,4.6,5.8,0.9,0.3,2.3,705.1999999999999,25.096085409252666
45.7,36.6,71.7,5.2,1.6,1.3,0.8,2.5,1071.6,38.826086956521735
43.5,22.7,73.5,3.4,7.1,2.0,0.1,3.6,844.9,31.17712177121771
43.2,24.8,74.5,2.6,3.8,1.1,0.1,2.3,924.3,35.41379310344827
37.6,32.0,80.4,2.9,1.0,0.6,0.2,1.2,721.6,27.02621722846442
41.9,32.9,61.4,3.9,2.4,1.2,0.3,0.9,464.4,18.501992031872508
42.0,25.0,67.3,5.2,2.1,0.7,0.5,1.9,440.0,19.81981981981982
45.0,40.6,78.9,3.1,1.3,0.6,0.3,1.3,704.0,32.0
49.0,0.0,80.3,2.2,3.4,1.1,0.1,1.6,454.40000000000003,21.53554502369668
41.7,14.3,69.5,2.5,4.3,1.2,0.1,2.3,205.20000000000002,10.108374384236454
50.1,0.0,57.1,4.5,1.0,1.0,0.3,1.2,481.0,26.0
47.5,30.0,85.0,2.1,2.6,0.8,0.2,1.0,568.0,29.128205128205128
46.7,20.0,69.2,1.5,3.7,0.8,0.1,1.7,217.6,11.27461139896373
43.7,20.8,78.3,3.2,1.0,0.6,0.1,1.7,753.3000000000001,39.64736842105263
43.4,22.5,78.6,2.3,1.5,0.5,0.1,1.6,920.0,50.549450549450555
46.4,0.0,59.6,2.3,1.1,0.5,0.4,0.4,397.59999999999997,23.666666666666664
46.7,32.2,74.5,2.0,3.9,1.2,0.0,1.8,720.9,42.910714285714285
42.0,35.9,88.4,1.1,3.7,0.8,0.0,0.8,426.40000000000003,25.53293413173653
44.3,0.0,57.8,2.1,0.9,0.7,0.1,1.4,122.39999999999999,8.326530612244898
48.8,0.0,68.9,3.6,0.3,0.2,0.2,0.7,357.5,24.655172413793103
48.6,0.0,58.0,3.2,0.6,0.4,0.1,0.7,280.0,19.58041958041958
43.1,0.0,69.2,1.9,0.2,0.1,0.1,0.3,57.6,8.22857142857143
44.5,0.0,72.5,2.2,0.8,0.4,0.3,0.9,244.79999999999998,18.268656716417908
54.5,0.0,69.9,2.7,0.2,0.1,0.3,0.9,322.5,31.009615384615383
42.6,0.0,38.4,3.7,1.1,0.4,0.1,0.9,259.2,25.411764705882355
53.7,25.0,61.5,2.1,0.3,0.3,0.5,0.6,254.2,25.676767676767675
30.1,7.1,78.1,1.1,2.6,0.3,0.1,1.1,139.4,14.673684210526316
36.6,29.4,60.9,0.5,2.2,0.5,0.1,1.0,116.60000000000001,12.404255319148936
40.2,16.7,83.3,0.9,2.3,0.5,0.2,1.3,136.29999999999998,14.499999999999998
40.8,38.5,65.4,1.1,0.8,0.6,0.1,1.1,147.6,16.77272727272727
51.3,0.0,65.0,2.4,0.1,0.3,0.8,0.5,161.20000000000002,18.964705882352945
49.0,0.0,67.4,1.3,0.5,0.5,0.2,0.5,129.5,15.602409638554215
49.4,0.0,50.0,2.6,0.4,0.3,0.3,0.5,186.0,22.962962962962965
40.4,25.0,81.3,0.9,1.5,0.5,0.1,0.7,112.2,14.025
43.0,10.0,69.0,1.3,0.5,0.3,0.1,0.5,168.0,21.265822784810126
48.0,10.0,82.4,1.1,0.4,0.4,0.1,0.4,125.39999999999999,16.076923076923077
48.0,10.0,82.4,1.1,0.4,0.4,0.1,0.4,125.39999999999999,16.076923076923077
36.9,30.8,63.8,2.2,0.8,0.7,0.4,1.2,188.1,18.81
36.9,30.8,63.8,2.2,0.8,0.7,0.4,1.2,188.1,18.81
41.8,24.4,60.0,1.8,0.8,1.0,0.4,1.1,127.19999999999999,7.310344827586206
46.0,40.1,71.2,3.2,0.9,0.7,0.2,0.8,462.0,20.442477876106192
41.5,0.0,73.8,1.3,0.6,0.3,0.0,0.5,180.0,24.65753424657534
36.4,22.2,66.0,0.6,1.4,0.3,0.1,0.9,127.4,17.45205479452055
50.4,40.0,70.6,1.1,0.4,0.3,0.1,0.7,151.79999999999998,22.323529411764703
34.9,11.1,56.3,0.6,1.7,0.5,0.1,0.4,68.8,10.117647058823529
31.9,20.0,77.3,0.7,1.1,0.3,0.1,0.8,66.5,11.083333333333334
47.4,0.0,78.3,1.4,0.2,0.2,0.0,0.5,112.2,19.684210526315788
42.2,0.0,68.2,1.0,0.2,0.2,0.1,0.3,98.39999999999999,17.57142857142857
43.2,25.4,77.4,4.8,10.6,2.5,0.1,3.1,1115.2,28.161616161616163
47.7,30.8,81.9,2.3,7.1,1.5,0.1,3.0,841.8000000000001,23.64606741573034
43.7,29.0,65.6,2.6,3.2,0.6,0.3,1.0,417.6,18.47787610619469
47.5,0.0,67.9,7.9,1.3,1.1,0.5,2.2,814.0,24.74164133738602
43.9,33.3,87.9,3.4,6.4,1.7,0.1,2.5,830.8000000000001,26.208201892744484
40.7,20.0,83.3,4.5,2.3,0.9,0.4,1.8,319.2,11.778597785977858
35.6,22.4,72.7,3.4,1.7,0.8,0.6,1.8,364.0,14.857142857142858
50.1,20.0,60.4,6.3,1.0,0.7,1.5,1.7,959.4,39.64462809917355
46.1,20.8,83.9,2.4,5.5,1.3,0.3,1.8,736.0,30.666666666666668
50.1,0.0,62.6,5.5,1.1,0.6,0.7,1.1,623.7,27.597345132743364
48.8,35.5,80.1,2.3,1.6,0.7,0.2,1.2,820.0,36.60714285714286
40.4,26.7,74.0,2.3,1.9,0.9,0.4,1.9,585.6,26.142857142857146
48.2,0.0,51.2,4.0,1.2,0.7,0.5,1.6,567.6,26.156682027649772
42.3,33.8,81.5,3.7,1.6,0.5,0.8,0.8,472.0,21.26126126126126
46.3,17.4,57.6,3.8,2.1,1.1,0.7,1.7,624.1,29.86124401913876
49.1,36.7,77.2,4.0,1.3,0.8,0.8,1.3,697.0,33.50961538461539
39.0,18.8,78.4,1.7,5.1,1.6,0.0,1.3,395.0,19.174757281553397
42.8,0.0,72.5,4.2,1.4,0.7,0.3,1.4,631.8,30.81951219512195
39.1,38.5,72.5,1.1,2.9,1.0,0.1,1.0,124.80000000000001,7.131428571428572
45.9,0.0,87.1,4.5,0.8,0.3,0.1,0.9,222.3,13.472727272727273
43.0,0.0,70.7,2.9,0.9,0.5,0.9,1.6,420.0,28.0
53.2,0.0,64.0,3.4,0.5,0.4,0.3,0.7,284.40000000000003,19.479452054794525
37.4,24.0,71.9,1.0,3.1,0.3,0.1,1.0,156.60000000000002,11.954198473282444
44.6,0.0,72.2,0.6,1.2,0.4,0.0,1.0,259.7,21.823529411764703
49.6,23.1,80.6,2.0,0.7,0.3,0.6,0.8,294.0,28.54368932038835
42.2,20.0,89.7,0.7,1.5,0.1,0.1,0.6,152.0,16.0
47.4,0.0,56.3,2.6,0.4,0.2,0.3,0.6,170.5,18.333333333333332
47.0,0.0,73.5,0.7,1.7,0.6,0.0,0.9,147.5,16.95402298850575
40.4,0.0,81.0,0.6,2.0,0.4,0.0,0.9,105.6,12.722891566265059
46.6,0.0,70.2,1.3,0.5,0.3,0.3,0.6,220.5,26.566265060240962
38.5,0.0,44.4,1.9,0.4,0.2,0.3,0.5,48.400000000000006,6.36842105263158
36.7,0.0,66.7,1.7,0.5,0.1,0.3,0.6,77.89999999999999,11.803030303030303
37.5,28.6,61.5,0.4,0.6,0.2,0.0,0.5,46.800000000000004,7.42857142857143
37.7,37.3,74.4,1.8,2.7,0.5,0.2,0.9,279.0,14.020100502512564
31.0,0.0,60.4,1.0,0.3,0.3,0.1,0.4,85.0,13.709677419354838
45.5,21.3,68.4,4.8,4.8,2.5,1.0,4.2,1877.8,50.20855614973262
46.8,35.5,74.7,8.3,3.6,1.1,0.2,2.6,1541.6000000000001,42.82222222222222
48.5,0.0,74.5,7.9,1.9,0.7,2.1,1.7,1168.0,34.45427728613569
53.8,0.0,69.6,8.1,3.8,0.6,0.8,3.1,1256.0,37.2700296735905
47.5,0.0,61.7,4.7,8.2,1.8,0.6,2.2,376.3,13.535971223021583
49.1,0.0,75.7,5.0,1.1,0.7,0.7,1.1,707.2,27.952569169960476
53.1,0.0,64.9,4.9,1.7,0.6,0.6,2.4,1001.7,39.75
45.4,22.2,64.6,4.7,2.4,1.6,0.4,1.6,717.5999999999999,31.61233480176211
39.6,31.9,77.0,2.0,0.7,0.9,0.1,0.3,472.0,23.838383838383837
45.5,20.0,72.8,4.7,1.3,0.6,0.8,1.1,680.0,31.050228310502284
43.0,25.0,74.1,2.0,2.0,1.2,0.3,1.7,677.6,32.42105263157895
43.7,29.8,80.1,2.1,3.6,0.8,0.0,1.5,834.3000000000001,40.11057692307693
39.7,0.0,58.1,4.9,1.1,0.4,0.7,1.7,335.0,17.091836734693878
45.4,27.9,77.7,2.3,4.5,0.9,0.1,1.9,424.0,21.743589743589745
46.7,33.3,67.6,7.1,0.7,0.8,1.1,1.4,562.5,30.080213903743317
40.8,32.9,83.3,1.7,3.0,0.6,0.1,1.6,462.3,25.4010989010989
56.2,0.0,61.4,3.6,0.7,0.5,1.5,0.9,434.59999999999997,24.41573033707865
49.0,22.2,66.3,3.3,1.2,0.3,0.4,0.9,505.6,29.22543352601156
58.1,0.0,72.7,4.2,0.5,0.5,0.5,1.4,448.79999999999995,29.72185430463576
54.5,0.0,58.7,4.3,0.7,0.5,0.6,1.2,500.5,33.36666666666667
45.6,8.3,74.3,3.5,1.3,0.3,0.2,1.0,448.79999999999995,30.32432432432432
47.6,0.0,63.2,3.5,0.5,0.3,0.4,1.1,400.40000000000003,28.0
47.1,0.0,69.3,2.9,0.8,0.6,0.2,0.7,290.40000000000003,20.450704225352116
42.3,25.0,72.9,2.6,1.8,0.6,0.3,0.9,308.2,22.66176470588235
47.6,0.0,68.7,3.4,0.4,0.3,0.3,1.2,351.0,26.0
41.3,35.0,76.9,1.6,1.1,0.7,0.3,0.8,325.0,24.62121212121212
52.7,0.0,63.9,3.5,0.4,0.3,0.1,0.9,260.40000000000003,19.72727272727273
45.0,23.5,70.1,1.7,1.3,0.4,0.1,0.9,352.0,26.87022900763359
54.4,0.0,64.9,2.9,1.0,0.3,0.5,1.0,330.4,25.61240310077519
65.9,0.0,62.6,4.4,0.9,0.7,0.8,1.1,518.0,28.461538461538463
44.1,32.0,79.7,1.7,0.7,0.4,0.1,0.9,359.59999999999997,31.2695652173913
39.3,0.0,35.3,2.9,0.5,0.2,0.2,1.1,133.0,12.090909090909092
38.0,33.3,75.0,0.8,1.0,0.6,0.1,0.7,138.6,12.6
41.1,4.5,86.8,1.2,0.5,0.3,0.1,0.8,295.0,27.570093457943926
48.6,0.0,60.0,1.7,0.6,0.2,0.2,0.4,189.0,18.173076923076923
42.6,28.3,78.9,1.2,0.9,0.4,0.1,0.7,328.3,34.55789473684211
46.8,0.0,69.0,1.5,0.7,0.3,0.3,0.6,228.0,26.20689655172414
42.7,0.0,75.0,1.4,1.1,0.3,0.0,0.6,127.10000000000001,15.313253012048193
43.6,0.0,74.6,1.9,0.4,0.1,0.1,0.6,229.4,28.675
37.8,20.0,63.6,1.0,0.8,0.3,0.1,0.8,146.2,21.820895522388057
45.5,0.0,60.8,2.2,0.3,0.1,0.6,0.6,111.30000000000001,11.019801980198022
33.8,31.0,63.0,0.6,0.6,0.2,0.0,0.5,124.19999999999999,20.7
47.4,0.0,73.9,9.0,2.0,1.1,2.1,3.4,1000.0,28.24858757062147
49.0,20.0,68.7,8.0,2.4,1.2,0.5,3.0,1402.2,42.49090909090909
49.6,0.0,48.1,8.9,2.9,1.3,0.5,3.4,1206.9,39.44117647058824
51.5,0.0,68.4,7.2,1.0,0.4,0.5,2.3,1190.7,42.37366548042704
49.0,33.3,74.6,7.6,1.0,0.8,2.6,1.8,876.9,33.21590909090909
46.3,18.5,89.6,2.1,1.9,1.3,0.4,1.4,770.0,30.434782608695652
46.8,28.0,55.7,2.6,2.0,0.8,0.1,1.9,1012.5,40.5
48.1,31.3,79.8,1.5,4.8,0.8,0.1,1.9,770.8000000000001,32.25104602510461
42.6,0.0,73.0,4.3,1.1,0.5,0.5,1.1,492.0,28.4393063583815
51.9,0.0,66.2,8.6,1.7,0.9,0.4,2.3,739.1999999999999,32.13913043478261
50.7,0.0,60.7,5.7,0.7,0.5,0.8,1.4,680.6,32.8792270531401
46.6,22.2,78.1,6.1,1.2,0.5,0.6,1.3,429.20000000000005,20.83495145631068
55.8,0.0,67.3,3.9,1.1,0.9,0.5,1.9,680.0,34.0
53.9,16.7,61.1,4.6,0.7,0.6,0.6,1.2,524.8000000000001,27.914893617021278
45.6,0.0,53.1,4.1,0.6,0.4,0.1,1.2,333.7,17.94086021505376
46.9,0.0,64.7,4.3,0.3,0.5,0.1,1.1,492.8,28.818713450292396
48.3,18.2,78.5,1.6,4.3,1.0,0.1,2.0,616.1999999999999,39.5
47.4,31.0,80.6,1.5,2.5,1.0,0.0,1.3,560.9,36.42207792207792
42.7,31.0,59.6,3.3,0.5,0.5,0.5,1.2,238.0,13.91812865497076
45.7,31.1,61.1,1.9,2.9,0.9,0.1,1.4,347.90000000000003,21.084848484848486
47.2,9.1,61.9,3.1,1.1,1.0,0.8,1.2,366.6,24.44
48.1,27.0,78.5,1.7,3.5,0.9,0.0,1.4,418.0,28.053691275167786
46.5,0.0,72.3,4.7,0.6,0.3,0.4,1.3,416.0,28.108108108108105
40.9,17.6,58.3,1.7,0.9,0.4,0.1,0.9,353.6,27.842519685039374
52.8,0.0,43.5,3.8,0.3,0.2,0.3,0.9,262.4,20.661417322834644
60.4,0.0,42.5,2.8,0.3,0.4,0.4,0.4,148.39999999999998,13.740740740740737
48.0,0.0,85.2,1.5,0.8,0.3,0.1,0.9,330.0,31.428571428571427
38.4,32.0,75.6,1.6,0.9,0.4,0.2,0.6,346.5,21.65625
40.8,20.0,60.0,1.0,1.8,0.4,0.1,1.1,166.5,16.009615384615383
38.3,11.1,51.4,0.7,1.5,0.8,0.1,0.9,157.5,15.441176470588236
45.5,0.0,72.8,1.0,1.2,0.4,0.1,0.7,275.2,27.52
44.4,50.0,55.8,1.5,1.6,0.8,0.3,0.9,203.5,22.119565217391305
44.2,20.0,92.6,1.0,0.9,0.4,0.1,0.6,256.5,30.176470588235293
55.7,0.0,66.7,1.1,0.2,0.1,0.2,0.5,122.39999999999999,16.105263157894736
36.4,25.0,92.9,0.8,1.2,0.3,0.1,0.9,182.4,24.000000000000004
40.7,0.0,79.5,2.0,0.3,0.1,0.2,0.8,153.60000000000002,22.260869565217394
30.8,26.4,64.4,1.4,3.2,0.9,0.1,1.2,210.0,13.907284768211921
51.5,17.3,84.5,6.5,5.9,2.4,0.8,3.5,2312.4,60.375979112271544
47.0,0.0,76.7,4.0,3.1,1.2,0.1,2.5,1128.0,36.270096463022504
53.7,0.0,71.1,8.6,2.8,0.7,2.7,2.3,760.0,26.027397260273972
54.5,16.7,73.3,8.6,1.9,1.2,1.0,2.5,1148.0,40.13986013986014
47.1,25.0,82.0,7.4,1.6,0.8,0.8,1.2,902.0,31.872791519434628
44.6,20.0,82.9,2.1,4.4,1.3,0.1,2.1,704.0,27.286821705426355
51.1,0.0,78.4,5.7,0.5,0.5,1.1,1.5,837.4,33.902834008097166
60.0,0.0,62.0,6.8,1.4,0.4,0.5,2.3,1049.6000000000001,44.854700854700866
46.7,22.2,65.7,6.4,0.4,0.4,0.6,1.3,762.6,34.981651376146786
54.3,0.0,73.7,5.2,0.7,0.6,0.4,1.1,532.5,24.767441860465116
49.8,36.4,73.4,3.4,3.5,1.6,0.3,2.1,726.8,34.12206572769953
55.7,0.0,71.5,5.1,1.0,0.2,0.4,1.5,725.4000000000001,35.73399014778325
52.0,0.0,64.8,5.1,1.6,0.6,0.8,1.8,655.2,32.59701492537314
52.0,0.0,64.8,5.1,1.6,0.6,0.8,1.8,655.2,32.59701492537314
31.7,31.1,50.0,1.4,1.4,0.6,0.2,1.0,107.30000000000001,6.542682926829269
31.7,31.1,50.0,1.4,1.4,0.6,0.2,1.0,107.30000000000001,6.542682926829269
45.4,0.0,85.9,3.0,1.5,0.4,0.1,1.3,417.59999999999997,21.09090909090909
46.0,0.0,67.8,3.5,1.9,0.7,0.1,1.4,541.1999999999999,28.04145077720207
52.8,33.3,78.9,3.7,1.3,0.5,1.3,1.7,496.0,25.699481865284973
45.3,35.1,75.4,1.9,3.1,1.0,0.1,1.4,553.8,29.614973262032084
47.0,0.0,47.4,4.4,0.5,0.5,0.5,1.9,510.0,27.272727272727273
47.1,18.2,73.6,1.3,5.1,1.3,0.1,1.8,459.2,25.23076923076923
45.9,16.0,81.0,1.5,1.7,0.6,0.2,1.1,525.4,30.369942196531788
46.0,18.8,71.1,1.8,2.9,1.0,0.2,1.3,325.6,19.15294117647059
49.8,0.0,54.1,4.9,0.3,0.4,0.3,1.2,297.0,17.470588235294116
47.8,0.0,73.3,3.6,0.5,0.2,0.2,1.0,377.4,24.99337748344371
43.1,50.0,82.0,2.4,0.9,0.3,0.2,0.9,208.79999999999998,14.499999999999998
49.2,0.0,66.9,3.3,1.3,0.4,0.2,1.3,382.20000000000005,26.72727272727273
58.9,0.0,39.8,3.6,0.8,0.5,0.8,0.9,247.9,18.639097744360903
41.6,0.0,70.6,2.1,1.4,0.3,0.2,1.3,300.9,23.507812499999996
47.8,0.0,64.6,2.7,0.8,0.6,0.4,0.9,469.7,37.87903225806451
32.6,0.0,56.4,3.1,0.4,0.2,0.8,0.8,79.5,6.463414634146341
48.6,0.0,75.8,2.5,0.5,0.2,0.5,1.2,192.0,16.134453781512605
49.6,0.0,80.0,1.6,0.4,0.5,0.1,1.2,313.59999999999997,28.0
38.3,22.2,75.5,1.0,1.4,0.5,0.1,1.1,258.29999999999995,23.91666666666666
39.7,25.0,70.7,2.0,0.4,0.2,0.2,0.8,250.79999999999998,23.660377358490564
44.0,0.0,75.0,1.6,0.7,0.2,0.2,0.6,193.79999999999998,18.457142857142856
36.7,0.0,50.9,1.6,0.4,0.4,0.1,0.7,204.0,22.17391304347826
37.3,0.0,76.5,1.3,0.9,0.5,0.2,0.6,194.7,21.395604395604394
48.2,0.0,64.2,1.4,0.3,0.2,0.3,0.7,229.5,25.5
38.3,0.0,68.8,0.6,0.4,0.5,0.1,0.7,197.4,22.179775280898877
37.3,13.3,69.2,0.5,1.2,0.2,0.0,0.7,121.60000000000001,17.126760563380284
41.5,0.0,52.0,1.4,0.6,0.2,0.1,0.4,90.3,12.71830985915493
41.2,0.0,50.0,1.9,0.3,0.2,0.3,0.4,50.7,7.3478260869565215
41.9,36.4,67.7,0.9,0.7,0.1,0.1,0.8,128.7,21.45
38.8,0.0,88.2,0.6,0.7,0.1,0.0,0.5,68.4,14.553191489361703
52.3,25.0,66.1,11.1,2.0,0.8,2.4,3.6,1722.0,52.50000000000001
48.0,18.8,75.3,6.9,2.1,0.9,0.8,2.0,972.0,32.4
46.9,0.0,73.0,2.5,8.3,1.5,0.2,3.4,672.0,24.88888888888889
49.9,25.0,73.1,5.7,2.2,0.7,0.7,1.5,853.2,32.441064638783274
35.6,24.5,63.8,3.0,0.3,0.4,0.1,0.9,218.4,17.0625
44.8,24.1,74.2,4.0,2.3,1.3,0.1,1.7,1016.8000000000001,39.25868725868726
51.2,0.0,75.2,5.7,1.6,0.5,1.5,1.3,688.5,27.762096774193548
44.4,32.4,82.6,1.9,1.9,0.3,0.2,1.4,980.1,40.16803278688525
46.2,16.7,78.5,2.7,3.9,1.6,0.4,2.1,753.3000000000001,31.51882845188285
49.6,0.0,59.0,6.2,0.9,0.4,1.8,1.4,440.0,18.96551724137931
48.4,23.5,80.6,2.2,2.4,1.1,0.3,1.6,784.4,35.49321266968325
46.7,23.1,77.2,3.8,1.5,0.8,0.5,0.9,738.0,34.976303317535546
44.3,11.5,67.3,2.1,2.9,1.2,0.3,1.4,467.40000000000003,22.363636363636367
53.6,25.0,83.7,3.8,1.2,0.7,0.5,1.3,576.6999999999999,29.72680412371134
44.8,26.2,78.7,1.5,2.2,0.7,0.1,1.4,664.0,37.30337078651685
45.8,0.0,65.6,4.1,0.2,0.2,0.7,0.6,96.10000000000001,7.626984126984128
44.5,24.3,88.9,1.2,3.3,0.4,0.0,1.1,503.70000000000005,28.619318181818183
45.1,25.0,72.8,2.9,1.9,1.3,0.3,1.5,631.4,36.7093023255814
46.4,9.1,72.7,2.1,1.8,0.8,0.1,1.0,453.59999999999997,26.840236686390533
41.7,26.7,79.1,2.0,3.5,1.6,0.2,2.4,647.8000000000001,40.2360248447205
41.3,11.1,77.7,1.6,3.4,1.2,0.1,1.4,327.6,20.60377358490566
45.6,41.4,71.9,3.7,0.8,0.6,0.1,1.2,549.4,34.77215189873417
44.1,0.0,71.4,2.5,2.3,0.5,0.2,1.3,457.5,29.140127388535035
50.3,40.0,60.9,0.9,0.9,0.2,0.0,0.4,351.0,25.62043795620438
43.9,0.0,71.4,3.6,0.5,0.4,0.3,1.2,254.8,18.73529411764706
51.7,0.0,60.8,2.9,0.8,0.3,1.1,0.8,280.8,21.112781954887218
41.6,37.5,67.6,1.3,0.7,0.4,0.1,0.9,201.4,16.112000000000002
45.9,26.3,77.0,1.6,1.3,0.3,0.1,0.8,341.0,27.28
50.9,0.0,85.1,1.2,1.2,0.5,0.0,0.8,260.0,22.222222222222225
38.8,0.0,70.0,2.4,0.9,0.2,0.4,0.7,126.9,11.432432432432433
41.9,12.5,82.1,0.9,0.9,0.3,0.0,0.7,148.5,14.417475728155338
44.5,18.2,61.5,0.7,3.0,0.2,0.0,0.7,142.1,15.279569892473116
49.7,0.0,61.5,1.2,0.8,0.5,0.4,1.0,216.0,23.2258064516129
54.4,0.0,53.8,2.9,0.5,0.5,0.3,0.5,120.9,14.223529411764707
38.4,0.0,69.6,1.9,0.3,0.2,0.7,0.6,165.29999999999998,19.915662650602407
39.7,23.1,78.3,1.0,0.8,0.4,0.0,0.4,119.7,14.597560975609758
37.3,29.0,62.5,2.2,2.4,1.0,0.3,1.2,135.29999999999998,8.005917159763314
37.9,36.0,93.8,2.5,0.4,0.3,0.0,0.2,180.2,14.532258064516128
27.0,0.0,66.7,1.5,0.5,0.1,0.1,1.0,28.5,3.6075949367088604
57.1,0.0,41.8,1.8,0.5,0.3,0.2,0.4,166.5,21.075949367088608
44.8,0.0,64.3,0.9,0.8,0.3,0.1,0.6,148.5,19.539473684210527
45.5,0.0,31.3,1.8,0.2,0.0,0.1,0.6,66.5,11.875
52.3,0.0,70.9,10.6,2.5,1.8,0.9,2.9,1659.0,45.828729281767956
47.9,22.2,74.1,10.6,2.8,1.7,0.5,2.7,1628.1000000000001,47.74486803519062
46.6,20.0,73.0,3.4,3.7,0.9,0.1,2.7,1147.6,41.88321167883212
44.8,31.7,79.2,4.5,2.1,0.8,0.8,1.6,844.6,31.51492537313433
45.2,22.2,72.3,1.6,3.6,1.1,0.1,2.1,752.4,28.285714285714285
53.5,0.0,71.2,2.6,0.4,0.3,0.9,0.3,191.39999999999998,16.220338983050844
57.9,25.0,62.4,5.2,1.7,1.2,0.8,2.3,1031.8,40.30468749999999
46.2,46.7,67.2,2.8,2.5,0.7,0.1,0.9,655.2,27.880851063829788
42.8,34.5,69.6,2.7,2.1,0.7,0.3,1.9,759.2,32.44444444444445
46.2,0.0,69.0,4.1,1.0,0.4,0.6,1.7,408.0,20.198019801980198
59.5,0.0,61.4,5.9,0.8,0.8,0.1,0.6,360.8,18.04
40.8,13.3,75.3,1.8,4.9,1.2,0.2,2.5,518.0,26.564102564102566
48.7,12.5,81.0,1.5,2.6,0.6,0.0,1.9,762.6,39.30927835051547
45.7,11.1,59.7,3.6,2.6,1.3,0.6,2.0,529.3000000000001,27.424870466321245
42.2,20.0,64.2,2.1,0.5,0.5,0.2,0.7,142.79999999999998,12.637168141592918
47.9,0.0,69.9,2.9,3.4,1.6,0.1,1.3,367.5,19.444444444444446
41.4,0.0,65.6,5.7,1.4,0.3,3.4,1.7,348.3,18.42857142857143
53.3,0.0,74.1,5.4,1.4,0.6,0.9,1.1,472.5,25.132978723404253
40.0,0.0,65.2,1.8,2.5,0.9,0.3,1.4,158.4,9.0
43.1,34.4,72.8,1.9,0.8,0.6,0.2,0.6,469.7,23.96428571428571
38.0,0.0,73.7,1.6,2.9,0.5,0.2,1.6,172.0,10.177514792899409
42.9,40.0,83.3,1.8,1.8,0.8,0.2,1.4,615.6,37.53658536585366
40.4,36.8,69.6,3.5,1.5,0.7,0.3,1.2,405.6,24.883435582822088
47.6,25.0,73.5,3.3,0.8,0.3,0.3,1.1,477.40000000000003,30.025157232704405
43.2,0.0,76.2,1.4,2.5,0.8,0.1,1.7,387.6,26.547945205479454
45.5,13.9,67.3,1.7,0.4,0.4,0.2,0.8,192.4,18.679611650485437
48.5,0.0,57.1,3.7,0.8,0.4,0.6,1.2,347.2,24.450704225352112
51.2,0.0,65.0,5.3,0.5,0.6,0.9,1.4,383.40000000000003,27.58273381294964
53.4,0.0,77.4,3.4,0.9,0.4,0.2,0.8,259.70000000000005,19.67424242424243
31.4,0.0,78.3,2.7,0.8,0.3,0.2,0.7,123.19999999999999,10.440677966101694
36.4,11.1,81.0,1.1,1.9,0.2,0.0,1.4,183.60000000000002,16.540540540540544
36.4,11.1,81.0,1.1,1.9,0.2,0.0,1.4,183.60000000000002,16.540540540540544
43.5,14.3,57.7,1.5,0.7,0.4,0.1,1.0,196.0,18.49056603773585
44.5,0.0,47.1,2.2,0.5,0.3,0.2,0.5,178.2,17.300970873786405
42.0,0.0,57.1,2.5,0.3,0.1,0.6,0.4,166.4,16.475247524752476
47.7,14.3,76.0,1.2,1.1,0.4,0.1,0.9,248.0,25.30612244897959
54.3,0.0,64.2,1.6,0.5,0.3,0.0,0.8,325.0,33.85416666666667
48.5,15.4,70.0,2.4,0.4,0.5,0.3,0.5,76.0,7.6
44.9,36.0,73.7,1.2,0.6,0.3,0.1,0.6,247.5,26.329787234042552
40.6,0.0,67.8,1.6,0.6,0.3,0.2,1.0,153.60000000000002,17.655172413793107
36.7,0.0,45.0,2.0,0.5,0.1,0.3,0.7,29.900000000000002,3.602409638554217
37.4,22.0,64.4,1.1,0.8,0.6,0.1,0.7,226.8,27.65853658536586
41.5,0.0,66.0,0.9,0.8,0.5,0.1,0.9,145.2,18.379746835443036
40.4,0.0,31.3,1.9,0.2,0.1,0.3,0.4,81.0,11.911764705882353
37.5,14.3,56.3,0.9,0.4,0.2,0.1,0.5,85.80000000000001,12.61764705882353
45.3,0.0,44.4,2.1,0.2,0.1,0.1,1.0,79.2,15.529411764705884
34.2,0.0,55.0,1.3,0.1,0.2,0.0,0.3,37.199999999999996,8.266666666666666
36.1,9.1,66.7,0.5,0.6,0.1,0.1,0.4,101.5,24.166666666666664
49.6,22.7,79.7,5.4,3.3,1.1,0.2,3.4,1771.2,47.232
58.2,0.0,62.4,12.3,1.3,1.0,1.0,2.9,1271.0,36.84057971014493
42.4,28.8,70.4,2.9,7.8,2.1,0.2,4.2,1224.0,36.21301775147929
52.5,0.0,62.0,6.9,1.8,0.7,0.6,2.7,1393.2,42.090634441087616
49.7,25.0,71.6,7.0,2.2,1.1,0.3,2.4,1733.3999999999999,53.5
46.5,35.2,68.0,4.9,3.2,0.7,0.4,2.6,953.6999999999999,33.11458333333333
47.7,28.6,67.0,7.4,1.7,0.7,2.2,1.7,943.0,33.92086330935252
56.1,33.3,75.2,9.3,1.6,0.5,0.7,2.9,1180.8,43.733333333333334
41.4,21.5,75.0,1.9,4.8,1.0,0.1,2.0,845.3,32.89105058365759
44.1,0.0,70.3,3.8,2.4,0.9,0.0,1.4,664.0,26.56
61.3,0.0,64.2,5.9,1.2,0.5,1.1,2.5,998.4000000000001,44.771300448430495
48.2,23.1,77.8,4.1,1.9,0.8,0.5,2.4,919.6,41.237668161434975
47.7,0.0,68.4,5.1,1.8,0.7,0.2,1.3,768.0,36.056338028169016
45.9,9.1,66.4,4.4,1.5,0.7,0.2,1.3,688.2,33.57073170731707
48.1,0.0,75.7,5.2,1.8,0.6,0.9,1.8,647.8000000000001,32.717171717171716
43.4,0.0,77.5,3.3,0.6,0.5,0.3,1.4,553.0,28.802083333333336
55.6,0.0,55.1,5.2,0.6,0.8,1.3,1.1,359.9,19.774725274725274
51.8,0.0,50.4,5.4,0.9,0.9,1.2,1.2,294.4,16.63276836158192
46.1,0.0,58.3,4.7,1.0,0.3,1.3,0.9,333.9,19.412790697674417
50.3,0.0,70.8,3.6,0.7,0.6,0.3,0.8,347.90000000000003,20.464705882352945
41.3,0.0,76.0,1.8,3.3,1.1,0.0,1.6,524.8000000000001,31.05325443786983
45.3,28.1,72.6,1.9,2.5,0.8,0.2,1.3,396.9,24.34969325153374
46.5,30.5,65.7,1.4,2.3,0.8,0.1,1.4,448.0,27.82608695652174
46.4,0.0,72.0,2.7,1.2,0.5,0.4,1.0,489.90000000000003,30.618750000000002
51.3,0.0,69.9,3.0,1.1,0.3,0.3,1.4,547.5,34.651898734177216
51.9,0.0,52.0,4.8,1.1,0.2,1.5,1.6,360.0,24.324324324324323
52.1,0.0,64.1,3.2,1.0,0.5,0.9,1.3,528.0,35.67567567567568
54.6,0.0,60.1,2.6,0.7,0.4,0.3,0.9,377.3,26.95
43.5,0.0,59.4,1.6,0.8,0.4,0.0,0.5,191.1,14.7
31.6,28.0,73.3,0.6,1.4,0.4,0.0,0.8,55.199999999999996,5.935483870967741
50.9,0.0,45.9,2.5,0.6,0.3,0.7,0.7,208.79999999999998,17.546218487394956
51.0,0.0,82.0,1.2,0.5,0.3,0.0,0.8,248.39999999999998,21.789473684210524
45.9,22.2,64.3,0.8,1.4,0.5,0.0,1.1,225.39999999999998,20.306306306306304
58.3,50.0,82.5,1.3,0.8,0.4,0.1,0.8,133.4,12.46728971962617
47.8,0.0,81.1,2.5,0.6,0.2,0.2,0.8,205.2,19.358490566037734
35.7,29.4,86.2,1.1,1.6,0.7,0.1,1.0,217.29999999999998,20.5
46.5,0.0,58.5,1.3,0.4,0.5,0.1,0.9,191.10000000000002,21.233333333333334
54.0,66.7,50.7,0.7,1.3,0.4,0.1,1.0,146.2,17.0
52.4,0.0,60.4,1.7,0.3,0.3,0.1,0.7,136.5,16.058823529411764
35.5,30.1,77.8,1.3,0.3,0.2,0.0,0.3,116.10000000000001,12.619565217391306
45.8,0.0,65.4,1.5,0.2,0.2,0.1,0.4,142.79999999999998,17.62962962962963
43.3,0.0,74.1,0.6,1.1,0.4,0.1,0.6,151.20000000000002,21.91304347826087
44.4,0.0,73.2,1.5,0.1,0.1,0.0,0.4,151.9,22.014492753623188
45.1,0.0,67.7,0.7,0.4,0.3,0.1,0.7,153.0,23.181818181818183
32.2,0.0,64.7,0.8,0.4,0.3,0.1,0.6,68.39999999999999,10.363636363636363
49.1,0.0,71.6,9.3,1.4,0.6,1.5,3.0,1549.8,43.53370786516854
46.4,19.2,71.6,3.6,2.4,1.3,0.5,2.9,1668.6000000000001,47.13559322033899
51.2,0.0,58.8,12.1,1.1,0.8,0.8,1.8,787.1999999999999,25.070063694267514
48.6,27.8,63.7,6.1,3.2,1.1,0.3,1.9,869.0,27.763578274760384
45.2,9.7,74.9,2.4,6.9,1.1,0.1,2.9,1216.0,40.0
37.1,17.4,86.0,1.6,2.8,0.4,0.0,1.5,174.9,10.664634146341465
36.3,19.0,66.7,1.5,0.3,0.2,0.0,0.4,77.7,9.034883720930234
50.3,0.0,76.5,8.6,2.7,0.7,1.0,1.6,793.8000000000001,26.11184210526316
47.9,0.0,70.6,5.4,2.5,1.2,0.4,2.0,1205.3999999999999,39.91390728476821
42.3,0.0,76.7,7.5,1.3,1.0,1.8,2.3,739.1999999999999,26.212765957446805
46.8,24.0,73.3,2.9,3.7,1.7,0.4,2.2,907.1999999999999,37.18032786885246
49.5,31.0,71.2,1.9,3.6,0.8,0.1,2.9,967.5,40.9957627118644
46.0,0.0,69.9,6.7,1.5,0.5,0.3,1.8,571.2,24.306382978723406
45.3,33.3,80.6,3.8,1.9,0.7,0.1,1.3,427.0,18.24786324786325
44.4,0.0,77.6,3.3,2.3,1.3,0.3,2.1,931.5,40.85526315789473
49.1,0.0,80.7,4.4,1.6,0.7,0.3,1.5,861.0,39.49541284403669
49.9,0.0,66.3,4.5,1.0,0.6,0.6,1.6,805.8,37.13364055299539
40.7,23.5,79.7,1.6,3.3,1.2,0.1,2.2,501.59999999999997,24.115384615384613
40.7,23.5,79.7,1.6,3.3,1.2,0.1,2.2,501.59999999999997,24.115384615384613
53.3,0.0,67.9,4.4,0.7,0.3,1.8,1.3,820.0,40.79601990049751
44.4,14.8,75.0,2.4,3.2,0.9,0.2,1.5,497.0,25.1010101010101
46.0,0.0,72.9,3.6,1.4,0.6,0.3,1.8,639.9,32.48223350253807
47.9,5.3,61.0,2.4,4.5,1.5,0.3,1.9,606.8000000000001,31.60416666666667
45.0,0.0,67.5,4.9,0.7,0.6,0.8,1.1,263.2,13.925925925925926
51.1,23.5,89.9,1.6,2.0,0.9,0.1,1.2,664.1999999999999,37.10614525139665
47.8,20.0,79.3,2.1,1.5,0.8,0.3,1.1,399.6,23.50588235294118
42.5,30.4,85.7,1.5,0.4,0.2,0.1,0.5,47.6,5.8765432098765435
52.9,0.0,67.0,4.4,0.7,0.6,1.4,1.7,522.0,33.037974683544306
49.5,0.0,75.0,1.8,1.8,0.9,0.1,1.4,236.8,16.0
54.2,0.0,59.4,4.5,0.6,0.1,1.1,1.0,360.4,25.027777777777775
45.2,32.6,72.9,2.0,0.7,0.3,0.7,0.9,253.5,21.85344827586207
41.2,33.3,68.3,1.1,2.6,0.5,0.1,1.0,217.29999999999998,15.861313868613138
50.7,0.0,67.5,4.1,0.5,0.4,0.8,0.7,249.6,18.62686567164179
51.2,0.0,76.2,3.7,0.5,0.2,0.3,0.7,180.0,13.953488372093023
46.2,30.0,73.7,1.2,1.0,0.4,0.0,0.9,302.4,24.387096774193544
44.2,20.0,76.6,1.2,0.9,0.4,0.1,0.7,380.7,32.53846153846154
32.7,0.0,55.6,0.9,1.4,0.5,0.1,0.9,72.0,6.260869565217392
46.2,0.0,69.0,2.0,0.6,0.5,0.3,0.7,196.79999999999998,17.41592920353982
46.0,27.3,65.0,1.4,0.2,0.2,0.0,0.4,144.29999999999998,18.5
41.8,16.7,66.7,3.0,0.2,0.3,0.1,0.7,215.60000000000002,19.6
45.7,0.0,60.3,2.5,0.5,0.3,0.1,1.1,236.5,22.102803738317757
45.4,0.0,51.6,3.0,0.5,0.4,0.4,0.6,218.4,21.411764705882355
45.4,0.0,56.4,1.0,1.2,0.6,0.1,1.3,188.8,18.693069306930695
35.8,0.0,78.1,0.9,1.5,0.5,0.0,0.6,94.0,9.791666666666668
33.0,0.0,73.9,1.2,1.3,0.4,0.0,0.6,168.0,18.876404494382022
41.2,0.0,43.5,1.7,0.3,0.4,0.4,0.6,148.5,17.678571428571427
34.8,50.0,45.9,1.3,0.3,0.2,0.0,0.6,114.4,21.58490566037736
43.4,41.7,59.0,0.9,1.0,0.4,0.0,0.7,137.70000000000002,18.86301369863014
35.5,29.0,75.0,1.2,0.3,0.1,0.1,0.2,71.3,11.140624999999998
42.9,36.8,84.4,3.1,6.5,0.9,0.2,3.0,1558.0,40.362694300518136
41.0,38.6,78.6,3.8,2.4,0.9,0.5,1.6,778.4,24.94871794871795
31.8,16.7,52.9,1.4,2.5,0.4,0.1,0.7,99.0,6.346153846153847
51.6,0.0,75.1,8.2,1.0,1.2,1.8,1.4,864.0,30.0
41.2,31.0,74.6,2.4,3.0,1.0,0.3,2.0,896.6999999999999,31.135416666666664
42.8,35.0,80.6,4.0,0.9,0.7,0.5,1.2,721.6,25.771428571428572
43.8,0.0,76.4,5.7,1.2,0.5,0.9,1.2,608.3000000000001,23.04166666666667
46.1,27.4,57.0,4.4,0.7,1.2,0.8,0.9,623.1999999999999,23.969230769230766
45.8,22.2,74.9,5.8,1.5,0.7,0.9,1.3,702.0,27.0
43.9,35.9,75.8,4.1,1.2,0.6,0.2,1.3,745.1999999999999,29.338582677165352
37.2,32.6,54.6,1.8,2.1,0.4,0.1,1.2,378.2,16.301724137931036
35.8,32.3,66.7,2.6,1.3,0.9,0.2,0.6,56.400000000000006,3.6387096774193552
60.8,50.0,37.1,7.6,0.5,1.0,1.6,0.9,474.0,22.898550724637683
49.3,20.0,74.6,5.9,0.8,0.5,0.5,0.6,270.0,13.636363636363637
54.5,42.9,80.9,3.7,0.5,0.2,0.6,0.7,379.5,21.685714285714287
41.8,37.5,82.9,2.7,2.9,0.9,0.5,1.1,229.6,13.195402298850576
38.4,32.8,64.4,2.4,1.2,0.8,0.2,0.6,390.0,22.54335260115607
41.7,38.6,90.9,1.2,2.8,0.5,0.0,0.9,553.8,32.57647058823529
40.7,33.2,71.4,2.0,0.7,0.6,0.2,0.7,467.20000000000005,27.482352941176472
47.9,42.1,75.9,2.1,0.5,0.3,0.2,0.9,487.19999999999993,31.63636363636363
43.0,0.0,52.3,4.5,0.7,0.6,0.4,1.3,336.0,22.251655629139073
44.6,38.4,84.3,1.5,0.9,0.2,0.2,0.7,372.09999999999997,25.141891891891888
37.1,31.5,57.1,0.9,3.0,0.5,0.1,1.2,144.0,9.863013698630137
32.7,20.9,81.8,3.3,0.7,0.5,0.3,0.7,229.1,17.097014925373134
40.7,39.3,100.0,1.5,0.8,0.3,0.2,0.4,119.6,8.992481203007518
48.2,0.0,53.3,4.7,0.5,0.3,0.7,0.8,378.0,28.85496183206107
41.5,20.0,88.9,0.9,0.8,0.5,0.1,0.2,52.8,3.854014598540146
43.6,25.7,66.7,1.7,0.3,0.3,0.3,0.5,233.10000000000002,18.35433070866142
36.8,37.8,58.8,1.0,0.7,0.3,0.0,0.6,155.1,12.609756097560975
38.2,13.8,76.9,2.0,0.8,0.5,0.1,0.8,292.0,23.934426229508198
40.0,38.3,71.9,2.2,0.9,0.2,0.2,0.6,204.0,16.859504132231404
58.2,0.0,64.3,3.1,0.2,0.4,0.2,0.4,173.9,15.121739130434783
51.3,0.0,66.7,3.7,0.9,0.2,0.5,0.7,233.7,20.86607142857143
51.5,0.0,61.0,2.8,0.1,0.3,0.8,0.4,128.79999999999998,13.010101010101009
37.5,28.0,72.4,0.9,0.6,0.4,0.1,0.5,118.89999999999999,12.010101010101009
40.0,32.5,72.4,3.5,1.5,0.7,0.3,0.7,174.0,6.770428015564202
47.6,0.0,76.8,2.8,0.3,0.1,0.1,0.5,184.0,19.574468085106382
38.1,17.4,56.3,0.9,1.3,0.2,0.1,0.7,100.80000000000001,12.29268292682927
38.4,25.0,72.4,0.8,1.2,0.2,0.1,0.8,91.0,11.666666666666666
29.5,22.6,89.5,0.3,1.0,0.2,0.0,0.6,75.6,10.08
35.3,30.0,100.0,0.8,0.2,0.1,0.1,0.3,71.3,11.140624999999998
41.5,38.0,75.9,3.2,3.8,0.7,0.1,2.6,844.8000000000001,26.15479876160991
42.8,31.3,76.4,3.6,2.3,0.9,0.3,2.1,705.6,24.000000000000004
40.1,30.6,79.8,3.2,2.8,1.7,0.1,1.9,560.5,19.39446366782007
45.2,33.7,55.1,4.8,2.1,1.2,0.5,1.3,598.5,20.926573426573427
36.6,30.5,78.9,3.5,4.4,0.9,0.3,1.8,798.6,29.36029411764706
44.8,37.9,83.2,2.6,4.1,0.8,0.1,1.6,747.5,29.313725490196077
44.3,41.4,86.8,2.4,2.0,0.7,0.3,1.6,825.0,33.81147540983607
49.3,37.6,77.3,5.1,1.1,1.3,0.4,0.7,505.6,21.066666666666666
31.3,11.1,82.1,1.5,2.1,0.6,0.3,1.3,77.0,5.703703703703703
58.6,0.0,66.5,7.7,0.8,0.7,1.0,1.2,469.2,20.85333333333333
37.2,34.6,68.2,3.5,0.7,1.1,0.5,0.6,303.59999999999997,13.990783410138247
41.2,26.8,69.7,4.7,0.6,0.5,0.5,1.2,580.8000000000001,27.013953488372096
39.9,8.0,76.7,2.0,3.2,0.4,0.1,1.5,181.5,8.94088669950739
39.9,34.7,71.7,4.4,1.0,0.7,0.7,1.1,466.20000000000005,23.90769230769231
39.3,27.6,77.6,1.4,2.0,0.7,0.0,1.6,442.0,22.783505154639176
38.6,36.1,83.3,1.2,1.8,0.5,0.1,1.1,463.59999999999997,24.924731182795696
44.7,15.0,87.2,1.3,3.3,0.7,0.1,1.2,295.8,16.902857142857144
44.6,31.6,63.2,1.8,0.6,0.3,0.3,0.6,166.60000000000002,12.432835820895523
51.3,33.3,72.0,4.0,0.6,0.8,0.3,1.2,358.40000000000003,21.46107784431138
42.9,33.3,72.7,2.2,0.9,0.5,0.1,0.9,424.8,26.71698113207547
47.3,0.0,78.6,4.2,0.8,0.3,0.4,0.5,168.1,11.05921052631579
45.2,0.0,83.9,3.0,0.3,0.2,0.2,0.6,168.0,11.2
50.7,0.0,65.2,3.6,0.3,0.5,0.3,0.5,197.79999999999998,13.364864864864863
42.3,33.9,61.5,3.9,0.3,0.6,0.5,0.5,162.8,11.15068493150685
54.5,0.0,70.7,3.2,0.5,0.7,1.6,0.6,159.5,11.474820143884891
42.1,0.0,55.8,3.3,0.4,0.4,0.5,0.9,205.8,15.244444444444445
39.0,20.0,82.4,1.4,1.6,0.4,0.2,0.9,62.699999999999996,4.898437499999999
37.2,28.9,71.4,1.3,1.4,0.4,0.1,0.9,167.2,13.593495934959348
40.0,28.6,71.2,1.4,2.0,0.4,0.0,0.8,230.4,18.885245901639347
50.8,33.3,75.0,2.6,0.5,0.3,0.4,0.4,216.20000000000002,17.867768595041323
46.7,26.1,81.5,2.4,0.5,0.3,0.2,0.7,210.0,18.421052631578945
32.5,20.0,70.0,0.9,0.9,0.1,0.2,1.0,148.2,13.35135135135135
39.1,37.3,91.7,0.8,0.5,0.1,0.0,0.5,176.0,16.761904761904763
43.2,36.2,40.0,2.4,0.8,0.1,0.1,0.6,114.4,11.555555555555555
42.4,0.0,50.0,2.2,0.2,0.1,0.8,0.3,57.2,5.896907216494846
38.9,37.5,50.0,1.0,1.0,0.4,0.3,0.6,72.8,5.967213114754099
33.3,26.3,59.3,0.8,1.3,0.3,0.0,1.1,127.6,13.291666666666666
38.1,37.8,100.0,0.9,0.9,0.3,0.1,0.6,110.2,12.666666666666668
40.5,18.2,76.8,1.3,0.3,0.3,0.1,0.3,109.2,12.847058823529412
44.6,0.0,66.7,1.6,0.2,0.1,0.4,0.4,115.2,13.879518072289155
50.6,29.2,64.2,12.1,3.8,0.8,0.6,2.7,1845.0,48.55263157894737
40.9,29.6,76.6,4.6,8.3,1.8,0.5,3.8,1131.6,29.936507936507937
49.7,39.3,76.9,6.4,1.9,1.0,0.2,1.3,795.4,25.65806451612903
43.0,16.7,68.7,8.6,2.5,1.1,0.8,3.3,1142.1,40.07368421052631
55.1,0.0,62.2,7.5,1.3,1.2,0.6,1.0,752.0,27.050359712230215
39.7,35.6,69.6,3.0,1.9,0.7,0.7,1.2,711.0,27.137404580152673
57.6,0.0,55.5,7.1,0.6,0.6,1.0,0.7,500.5,20.34552845528455
38.4,25.8,86.9,2.5,2.8,0.9,0.1,2.0,491.4,20.057142857142857
42.5,31.8,80.8,3.9,2.0,0.6,0.2,1.0,561.6,24.417391304347827
42.4,27.6,74.4,2.8,3.6,1.1,0.3,2.4,542.7,23.907488986784145
45.1,41.9,80.8,2.5,1.2,0.3,0.1,1.0,784.0,37.1563981042654
45.3,29.7,76.2,3.7,1.1,1.0,0.4,1.1,475.8,22.985507246376812
51.7,0.0,59.5,5.3,0.5,0.4,0.9,1.0,530.4,26.923857868020303
43.5,44.4,76.7,1.3,1.9,0.4,0.2,0.7,81.0,7.363636363636363
39.4,31.5,77.3,3.3,0.7,0.7,0.3,1.3,453.59999999999997,25.34078212290503
43.7,0.0,65.6,3.1,0.7,0.4,1.5,0.8,237.79999999999998,13.359550561797752
37.4,37.0,76.3,2.6,1.6,0.6,0.1,1.2,318.6,18.416184971098268
48.5,47.3,71.1,1.9,1.1,0.4,0.3,1.0,388.8,23.005917159763317
55.8,0.0,71.4,3.8,0.8,0.3,0.7,0.6,327.59999999999997,19.61676646706587
54.9,0.0,67.3,3.9,0.5,0.5,0.7,0.6,344.5,21.00609756097561
43.3,0.0,56.0,3.0,0.3,0.4,1.2,0.6,258.0,17.79310344827586
38.3,24.2,73.1,2.9,0.6,0.3,0.3,0.3,191.1,14.587786259541984
40.6,36.0,70.6,1.3,0.4,0.3,0.1,0.2,184.79999999999998,16.64864864864865
42.4,37.5,58.9,1.5,1.6,0.3,0.2,0.6,159.6,15.346153846153845
37.4,30.0,57.1,1.1,1.8,0.4,0.1,0.8,98.89999999999999,9.601941747572814
35.7,28.3,78.6,1.7,0.7,0.3,0.2,0.5,159.6,15.959999999999999
66.1,0.0,70.3,2.0,0.5,0.3,0.3,0.4,176.4,18.76595744680851
53.3,0.0,50.0,1.9,0.2,0.3,0.4,0.4,18.0,2.2784810126582276
45.5,41.7,59.1,0.9,1.2,0.1,0.0,1.0,110.2,15.095890410958905
35.6,10.0,53.3,1.0,1.1,0.2,0.1,0.8,50.599999999999994,7.027777777777777
48.5,0.0,73.9,1.0,0.2,0.1,0.2,0.5,82.0,15.769230769230768
45.8,25.5,74.8,5.3,5.8,1.5,0.4,3.0,1447.2,38.90322580645161
46.2,43.7,88.5,4.5,5.9,1.9,0.2,3.0,1400.0,38.674033149171265
37.1,37.4,81.7,3.4,5.7,1.3,0.2,2.4,1271.0,38.987730061349694
27.7,26.2,87.5,1.6,0.5,0.3,0.1,0.4,55.0,5.188679245283019
41.7,35.8,82.6,2.4,4.4,1.0,0.0,2.9,1093.5,37.83737024221453
47.7,40.0,85.1,2.5,5.7,1.0,0.1,2.7,942.4,33.899280575539564
49.4,0.0,64.6,7.5,0.9,0.6,1.3,1.4,738.0,27.434944237918216
45.1,37.4,81.4,2.9,1.6,0.8,0.1,1.0,1058.5,41.34765625
48.3,38.2,82.9,2.3,1.5,0.8,0.2,1.1,770.8000000000001,31.206477732793527
44.2,39.0,75.6,2.6,3.8,1.1,0.3,2.1,584.0,24.132231404958677
40.3,37.5,80.8,3.2,1.8,1.1,0.3,1.4,752.4,32.85589519650655
40.1,31.0,71.5,4.5,2.9,0.6,0.1,1.6,655.2,28.991150442477878
39.3,29.2,85.7,2.0,0.7,0.3,0.3,0.7,68.0,6.8
49.8,25.0,76.3,2.9,0.7,0.6,0.2,0.8,662.1999999999999,30.6574074074074
51.5,41.0,75.7,1.9,3.1,0.7,0.0,1.3,539.5,26.576354679802954
44.1,36.9,77.0,3.0,1.2,0.5,0.1,0.7,658.6,32.766169154228855
45.8,38.9,80.9,1.9,2.0,0.8,0.1,1.0,481.59999999999997,24.824742268041238
55.6,0.0,54.7,6.4,0.8,0.6,0.5,1.4,639.6,35.142857142857146
42.4,39.5,87.1,2.1,1.0,0.3,0.1,1.0,501.59999999999997,27.56043956043956
45.1,19.6,77.7,2.5,0.7,0.4,0.3,1.2,592.0,35.878787878787875
41.8,31.0,72.2,1.6,3.3,0.5,0.1,1.1,380.7,24.248407643312103
41.0,34.5,80.0,1.6,1.9,0.6,0.1,1.1,408.8,26.545454545454547
54.2,34.1,81.1,10.5,2.0,0.7,1.7,2.2,1500.6000000000001,46.893750000000004
49.3,0.0,67.6,3.7,0.4,0.3,0.5,0.6,244.4,18.37593984962406
46.4,30.5,82.1,2.5,0.5,0.4,0.4,0.7,351.9,26.45864661654135
50.2,0.0,75.4,2.8,0.6,0.2,0.6,0.5,270.0,20.610687022900763
53.4,0.0,59.7,4.1,0.4,0.3,0.1,0.4,145.6,11.555555555555555
43.6,35.1,70.0,1.1,0.8,0.5,0.2,1.0,135.0,10.887096774193548
38.8,31.8,79.5,1.6,0.7,0.3,0.1,0.4,282.0,23.5
49.5,0.0,64.6,2.5,0.2,0.4,0.3,0.2,245.7,21.9375
39.6,0.0,62.3,2.1,0.5,0.4,0.1,0.3,205.9,18.383928571428573
66.2,0.0,90.0,2.5,0.0,0.2,0.4,0.3,105.30000000000001,10.125
39.6,21.9,83.7,0.9,1.7,0.5,0.1,0.7,227.20000000000002,22.495049504950497
46.3,28.6,66.7,1.4,0.3,0.4,0.2,0.3,188.1,20.01063829787234
35.4,35.7,71.1,1.0,0.4,0.2,0.2,0.4,132.0,14.347826086956523
35.6,21.1,74.5,1.3,0.3,0.2,0.2,0.3,111.8,13.469879518072288
37.1,40.0,72.2,1.2,0.4,0.1,0.3,0.5,137.70000000000002,18.360000000000003
30.0,16.7,58.3,0.7,1.2,0.3,0.2,0.9,20.4,3.238095238095238
37.2,32.1,60.0,1.1,0.0,0.1,0.1,0.3,43.199999999999996,6.96774193548387
50.8,16.7,68.6,7.0,1.2,0.4,1.1,2.3,927.5,30.916666666666668
39.6,31.3,84.6,0.7,0.5,0.3,0.1,0.6,57.49999999999999,11.057692307692307
43.8,38.4,87.9,3.8,3.2,1.1,0.2,2.8,1517.0,39.921052631578945
47.5,22.2,78.8,3.9,6.3,0.8,0.2,2.5,1360.8,36.77837837837838
45.6,38.9,85.4,2.6,2.8,1.0,0.5,2.1,1255.8000000000002,36.612244897959194
39.8,27.1,81.5,4.9,5.3,1.3,0.2,3.3,1254.6000000000001,38.60307692307693
42.0,36.7,76.7,2.8,4.9,1.9,0.1,2.0,820.0,25.625
53.1,0.0,79.3,8.1,1.0,0.5,1.8,1.8,1066.0,34.950819672131146
49.7,0.0,69.2,7.4,1.1,0.6,0.7,1.8,910.1999999999999,32.39145907473309
43.0,43.9,89.3,1.8,3.5,0.6,0.0,1.6,849.6,32.06037735849057
42.2,27.6,68.4,5.2,1.5,0.9,0.3,1.2,499.20000000000005,17.454545454545457
45.9,10.5,78.9,9.1,1.0,0.4,0.6,1.5,899.1,35.537549407114625
45.0,40.4,83.0,2.3,1.2,1.0,0.2,0.9,646.8000000000001,25.66666666666667
47.2,40.7,77.2,5.4,1.0,0.5,0.5,1.5,1125.9,45.399193548387096
42.3,37.3,69.7,3.1,0.9,0.5,0.5,1.0,607.5,25.3125
47.8,46.7,87.0,3.0,1.2,0.5,0.2,0.8,676.6999999999999,29.94247787610619
56.4,0.0,63.7,7.0,0.5,0.4,1.1,1.4,542.9,25.251162790697673
45.9,34.4,70.7,2.3,1.8,0.8,0.5,1.2,296.8,14.26923076923077
39.3,36.5,84.5,4.7,0.8,0.7,0.3,0.9,488.40000000000003,24.5427135678392
43.8,0.0,66.7,4.6,0.6,0.7,0.7,0.6,425.59999999999997,22.051813471502587
40.3,32.9,78.1,2.1,1.8,0.6,0.3,1.0,438.90000000000003,26.6
50.2,25.0,77.3,3.7,0.4,0.3,0.7,0.6,608.3000000000001,38.018750000000004
49.4,0.0,66.0,3.9,0.3,0.4,1.0,0.8,487.5,32.07236842105263
41.2,32.5,69.1,1.7,2.1,0.7,0.0,1.4,290.7,19.251655629139073
63.3,0.0,38.5,4.5,0.2,0.2,1.1,0.8,227.89999999999998,15.717241379310343
47.1,0.0,66.7,3.5,0.7,0.3,1.1,0.8,497.0,34.513888888888886
39.2,34.6,79.1,0.8,1.7,0.3,0.0,0.9,360.4,26.306569343065693
41.0,35.1,73.7,3.4,3.3,1.2,0.2,2.5,1056.0,37.4468085106383
46.0,25.0,82.3,1.1,1.2,0.3,0.2,0.7,215.60000000000002,16.210526315789476
36.5,25.9,80.6,1.1,1.5,0.3,0.0,1.1,227.89999999999998,18.379032258064512
41.6,34.8,69.9,1.9,0.7,0.3,0.5,0.9,277.3,22.91735537190083
40.6,39.4,64.0,0.7,2.0,0.5,0.0,1.1,168.0,18.064516129032256
50.8,0.0,70.6,2.9,0.4,0.3,0.7,0.5,225.60000000000002,19.118644067796613
38.9,39.5,80.0,2.0,0.5,0.3,0.5,0.4,156.0,14.054054054054054
29.2,22.0,50.0,2.2,0.9,0.3,0.1,0.4,51.300000000000004,4.706422018348624
42.3,34.3,84.0,2.5,2.6,0.6,0.3,2.1,1048.8,37.86281588447653
51.8,0.0,69.1,2.0,0.1,0.2,0.7,0.5,186.0,18.23529411764706
43.0,0.0,68.6,1.7,0.2,0.2,0.1,0.3,96.89999999999999,11.535714285714285
36.5,40.0,85.7,0.9,0.8,0.3,0.0,0.6,88.8,10.829268292682928
43.0,28.8,87.3,4.3,2.4,1.0,0.9,2.9,1624.0,46.936416184971094
42.7,27.6,74.4,4.7,1.5,0.6,0.6,2.0,840.0,29.78723404255319
48.5,32.8,74.1,6.2,1.2,1.0,1.4,0.7,663.0,23.848920863309353
42.9,33.1,74.3,4.5,1.2,0.6,0.5,1.6,1003.3,36.75091575091575
42.8,33.0,73.2,2.6,4.2,0.8,0.0,1.7,498.20000000000005,19.088122605363985
37.5,30.7,78.4,4.2,1.6,0.8,0.2,1.6,591.3,25.597402597402596
38.1,33.2,82.5,3.0,1.3,0.4,0.1,1.1,519.2,21.278688524590166
37.4,19.4,80.0,3.7,1.4,1.0,0.3,1.1,458.2,20.096491228070175
53.9,31.6,73.8,4.2,0.8,1.0,0.1,0.9,606.8,28.895238095238092
48.2,0.0,69.1,5.6,1.1,0.9,0.9,1.2,488.4,23.594202898550723
43.8,30.0,63.0,3.6,0.9,0.4,0.5,0.8,255.5,13.035714285714285
40.1,18.8,81.4,2.3,2.8,0.9,0.1,1.4,433.2,22.8
46.8,22.0,73.7,3.9,1.1,0.8,0.1,0.7,423.4,22.28421052631579
53.8,0.0,60.9,4.4,0.4,0.4,1.4,1.0,408.79999999999995,23.359999999999996
49.8,21.4,72.7,5.5,0.7,0.4,1.4,1.1,618.0,27.105263157894736
61.6,0.0,66.1,4.9,0.5,0.4,0.2,0.6,340.2,20.1301775147929
40.1,20.6,79.2,1.0,2.0,0.5,0.0,1.0,235.20000000000002,15.272727272727273
43.9,40.0,81.5,1.5,0.8,0.5,0.1,1.3,562.5,36.52597402597402
45.5,28.6,65.9,3.0,0.3,0.3,0.7,0.6,342.0,23.424657534246577
48.4,0.0,66.0,3.0,0.4,0.5,0.3,0.9,310.5,22.830882352941178
42.1,27.0,69.2,2.2,1.0,0.4,0.0,1.1,280.0,20.58823529411765
45.9,19.0,65.5,3.2,0.6,0.2,0.6,0.8,333.7,25.47328244274809
41.1,20.8,78.2,1.8,0.7,0.4,0.1,0.5,277.5,21.511627906976745
41.3,33.0,85.7,1.1,1.7,0.3,0.1,0.9,265.2,22.285714285714285
42.6,34.6,79.3,1.0,1.1,0.5,0.0,0.6,118.4,10.295652173913044
53.3,41.7,63.5,2.1,0.7,0.5,0.2,0.6,222.29999999999998,19.848214285714285
47.1,0.0,59.3,2.6,0.3,0.2,0.2,0.5,98.8,9.233644859813085
56.1,0.0,68.2,3.4,0.4,0.3,0.4,0.5,106.6,10.349514563106794
50.5,0.0,56.6,2.8,0.7,0.3,0.3,0.9,262.3,26.23
37.9,16.7,43.8,2.0,0.6,0.3,0.4,0.6,91.0,9.191919191919192
55.4,0.0,67.5,2.6,0.2,0.2,0.6,0.3,152.0,15.353535353535353
40.8,0.0,64.3,1.6,0.3,0.2,0.4,0.5,121.60000000000001,14.305882352941177
42.9,0.0,65.4,0.8,0.2,0.2,0.1,0.1,57.6,13.714285714285714
26.1,23.1,0.0,0.4,0.1,0.0,0.2,0.3,15.400000000000002,4.967741935483872
56.3,0.0,64.8,5.3,0.6,0.7,1.0,0.7,462.0,21.588785046728972
45.6,37.7,83.8,4.4,4.0,1.2,0.2,2.0,957.6,27.05084745762712
37.6,33.7,71.0,2.9,2.1,0.4,0.1,1.7,920.4000000000001,30.88590604026846
42.2,36.4,72.7,4.5,1.3,0.9,0.9,1.8,842.4000000000001,31.200000000000003
41.8,20.7,64.7,3.7,3.8,1.6,0.1,1.8,499.20000000000005,21.242553191489364
43.4,36.8,85.4,2.7,2.8,0.7,0.3,1.9,828.1999999999999,36.16593886462882
50.3,0.0,72.2,5.0,0.4,0.3,1.2,0.7,567.0,25.656108597285066
45.7,28.3,79.6,2.0,0.9,1.1,0.0,1.0,369.6,18.388059701492537
45.2,46.1,66.7,2.1,1.4,0.7,0.5,0.7,343.2,16.112676056338028
53.1,0.0,62.4,5.1,0.6,0.6,0.2,0.9,606.8000000000001,32.44919786096257
45.5,50.0,76.4,5.4,0.5,0.6,0.5,1.2,445.5,23.823529411764707
52.5,33.3,67.3,5.2,0.8,0.8,0.9,1.1,557.6,30.977777777777778
46.4,34.7,60.9,1.9,0.4,0.6,0.3,0.6,442.2,25.413793103448278
39.5,28.2,84.7,2.1,3.3,0.4,0.0,1.8,537.1999999999999,32.361445783132524
42.4,41.9,71.8,1.5,1.2,0.4,0.1,0.7,276.0,16.727272727272727
50.5,18.5,56.7,4.3,0.6,0.8,0.7,0.7,333.20000000000005,21.35897435897436
45.7,28.6,71.2,5.3,1.5,1.3,0.6,0.9,168.2,7.933962264150943
42.2,32.8,71.1,1.7,1.9,0.6,0.1,1.0,316.8,20.980132450331126
38.6,41.4,76.4,1.5,0.9,0.4,0.1,0.9,291.40000000000003,19.298013245033115
38.2,27.7,58.5,2.0,1.6,0.6,0.1,1.1,234.0,15.70469798657718
41.0,38.8,90.0,1.2,0.9,0.3,0.0,0.5,252.0,17.027027027027025
47.5,0.0,60.6,3.7,0.6,0.6,1.1,1.3,374.40000000000003,27.94029850746269
53.8,0.0,66.1,3.1,0.3,0.4,0.6,0.8,259.6,20.28125
41.7,0.0,48.5,2.5,0.3,0.2,0.5,0.5,124.7,10.056451612903226
41.0,33.7,73.0,4.1,1.2,0.5,0.5,0.7,607.5,28.791469194312793
46.9,36.5,55.0,1.8,0.5,0.1,0.2,0.5,179.4,14.826446280991737
52.8,0.0,67.5,1.3,0.4,0.7,0.1,0.4,257.59999999999997,21.289256198347104
36.7,32.1,86.0,1.8,1.0,0.4,0.1,0.6,183.60000000000002,15.827586206896553
50.8,0.0,78.7,2.3,0.2,0.2,0.7,0.4,191.39999999999998,16.643478260869564
44.6,0.0,73.6,3.4,0.2,0.2,0.3,0.8,264.6,23.210526315789476
54.4,0.0,59.7,2.7,0.2,0.2,0.5,0.6,173.6,15.362831858407079
57.9,0.0,54.4,2.9,0.2,0.2,0.3,0.5,256.2,23.29090909090909
43.3,34.6,84.4,0.7,1.3,0.4,0.0,0.4,168.1,16.00952380952381
36.6,35.1,67.6,0.7,1.5,0.4,0.0,0.5,142.79999999999998,14.721649484536082
31.0,28.6,85.0,2.4,0.7,0.5,0.2,0.5,116.0,5.603864734299517
38.1,24.0,73.3,0.9,0.4,0.4,0.1,0.4,117.6,13.835294117647058
55.6,0.0,66.7,1.3,0.2,0.3,0.1,0.4,176.9,21.839506172839506
46.2,11.1,56.1,1.3,0.4,0.3,0.0,0.4,110.0,14.473684210526317
46.2,11.1,56.1,1.3,0.4,0.3,0.0,0.4,110.0,14.473684210526317
56.8,0.0,60.0,1.9,0.1,0.2,0.1,0.8,91.2,12.845070422535212
36.0,33.3,100.0,0.7,0.2,0.1,0.0,0.1,52.5,9.545454545454545
43.0,28.2,84.7,5.1,7.8,2.2,0.1,2.4,1255.8000000000002,34.88333333333334
39.1,35.8,72.5,3.3,5.6,1.3,0.1,2.3,952.0,31.627906976744185
46.3,32.7,70.6,6.4,1.1,0.7,0.8,1.2,1053.0,36.18556701030928
40.3,36.1,69.9,3.3,2.7,1.1,0.1,1.5,704.0,24.359861591695502
42.1,41.6,70.4,2.4,4.5,0.8,0.2,1.8,864.0,30.0
52.7,10.0,68.1,5.0,0.7,0.9,0.4,0.7,346.5,17.23880597014925
44.3,24.5,74.7,4.8,0.8,0.6,0.3,1.1,671.5,27.186234817813766
47.7,33.3,82.5,5.8,0.8,0.5,0.7,1.5,799.5,33.03719008264463
46.2,32.3,77.7,4.9,1.2,0.7,0.8,1.0,585.0,25.884955752212388
48.7,33.3,75.2,4.9,1.0,0.6,0.1,0.9,463.59999999999997,20.51327433628318
40.7,39.7,75.2,2.3,2.0,0.8,0.0,1.6,669.6,31.289719626168228
41.5,38.0,90.0,1.9,1.2,0.4,0.1,1.3,591.6999999999999,29.147783251231523
44.2,26.3,80.0,2.0,2.8,0.5,0.0,1.3,529.3000000000001,26.202970297029708
47.0,34.8,63.4,3.1,4.5,1.2,0.1,1.7,494.09999999999997,24.954545454545453
47.8,33.3,81.2,3.1,0.8,0.5,0.2,1.1,536.0,27.07070707070707
41.5,34.1,71.2,2.1,1.6,0.7,0.2,1.2,333.2,18.408839779005522
39.9,35.7,85.9,2.1,0.6,0.3,0.2,0.7,402.59999999999997,23.005714285714284
45.0,37.2,73.6,1.8,0.8,0.6,0.3,1.1,624.1,36.28488372093024
59.6,0.0,57.7,4.5,0.6,0.5,0.3,0.8,341.7,20.218934911242606
59.6,0.0,57.7,4.5,0.6,0.5,0.3,0.8,341.7,20.218934911242606
41.4,41.4,80.5,1.9,0.9,0.3,0.1,0.9,208.79999999999998,13.29936305732484
39.5,22.5,66.2,1.8,1.6,1.0,0.1,1.4,256.0,16.623376623376622
52.4,0.0,81.0,3.3,0.4,0.2,0.4,1.1,483.0,32.41610738255034
38.0,28.2,78.3,1.3,1.3,0.6,0.1,0.9,250.79999999999998,17.06122448979592
33.7,26.9,73.9,1.7,1.8,0.4,0.3,0.8,84.60000000000001,6.360902255639098
51.0,50.0,78.0,3.3,0.5,0.3,0.4,0.5,200.6,15.671874999999998
45.7,0.0,80.0,2.2,0.2,0.2,0.1,0.6,111.0,9.568965517241379
44.3,0.0,66.1,2.1,0.4,0.2,0.3,0.8,278.79999999999995,26.301886792452827
48.3,0.0,88.2,2.0,0.2,0.3,0.0,0.6,146.2,15.229166666666666
35.8,6.7,50.0,0.8,0.3,0.1,0.1,0.5,70.2,7.389473684210526
39.0,23.5,69.8,1.0,0.9,0.6,0.1,0.7,137.70000000000002,15.131868131868135
36.8,25.0,75.0,1.7,0.7,0.3,0.1,0.4,78.2,8.886363636363637
46.2,44.1,85.7,2.5,3.6,1.0,0.1,1.5,265.6,11.598253275109172
25.0,18.5,94.1,0.7,1.2,0.7,0.1,0.6,70.2,8.06896551724138
45.4,0.0,60.6,2.3,0.3,0.3,0.2,0.4,131.1,15.423529411764704
40.2,0.0,29.6,1.7,0.2,0.1,0.5,0.4,73.60000000000001,10.082191780821919
45.5,0.0,47.8,1.5,0.2,0.2,0.1,0.1,49.5,9.0
44.7,0.0,60.9,10.9,0.9,0.8,1.7,1.7,1102.3,30.963483146067414
49.3,33.1,74.3,5.7,3.0,1.7,0.6,1.7,738.0,22.500000000000004
52.0,0.0,67.1,10.0,0.9,0.9,1.7,2.0,984.0,30.1840490797546
47.0,23.2,82.3,6.0,1.9,0.9,0.4,1.3,808.0,27.205387205387208
45.5,17.4,68.8,6.2,1.7,0.8,1.9,1.8,717.8,25.91335740072202
35.2,35.5,73.1,2.6,4.9,1.0,0.0,1.4,483.8,18.256603773584906
39.4,28.8,68.9,2.0,1.9,0.7,0.1,1.4,782.8000000000001,31.951020408163266
43.2,25.0,67.3,2.7,1.4,0.7,0.3,0.7,397.79999999999995,18.676056338028165
45.5,31.2,68.2,2.4,3.0,1.0,0.0,1.5,687.3,33.69117647058823
42.7,30.8,72.7,5.4,0.8,0.4,0.3,0.9,434.0,24.382022471910112
39.3,24.6,78.9,1.5,3.3,0.5,0.1,1.8,462.4,23.591836734693874
29.1,25.9,62.5,2.7,0.9,0.6,0.1,0.7,92.0,4.791666666666667
53.3,42.4,78.9,3.5,0.6,0.5,0.2,0.5,590.4,31.23809523809524
57.6,0.0,57.1,3.1,0.3,0.4,1.3,1.2,262.3,14.819209039548024
44.2,23.1,69.5,3.0,1.1,0.9,0.2,0.9,472.0,27.283236994219653
53.7,0.0,70.3,4.6,0.4,0.4,0.6,0.8,459.2,27.011764705882353
47.5,38.7,73.7,2.9,0.8,1.0,0.3,1.0,492.8,30.04878048780488
42.9,33.6,75.7,1.3,2.2,1.0,0.3,1.1,433.2,28.129870129870127
41.2,0.0,64.0,3.8,0.9,0.5,0.4,1.4,211.6,13.830065359477123
52.8,0.0,63.0,4.4,0.3,0.3,0.8,0.9,475.7,32.14189189189189
36.2,30.4,77.8,1.4,0.7,0.6,0.0,0.4,92.5,6.514084507042254
37.2,35.3,66.7,1.8,0.5,0.4,0.3,0.8,340.0,25.563909774436087
42.9,33.3,70.1,1.4,1.7,0.6,0.1,0.9,217.0,16.692307692307693
40.4,33.3,43.6,2.9,0.6,0.4,0.3,0.8,274.7,21.13076923076923
42.6,35.8,70.4,1.7,1.4,0.5,0.2,0.6,175.5,13.5
36.3,26.9,73.7,1.1,1.8,0.5,0.0,0.7,117.8,9.275590551181102
33.6,24.5,62.5,0.9,1.4,0.4,0.0,0.7,111.60000000000001,9.3
39.4,22.0,78.0,1.9,2.3,0.7,0.1,1.1,425.59999999999997,25.638554216867465
38.9,27.3,68.8,1.4,1.0,0.6,0.1,0.7,125.39999999999999,10.999999999999998
60.0,0.0,33.3,3.4,0.4,0.4,0.4,0.6,26.4,2.490566037735849
38.5,20.0,65.5,1.3,0.5,0.4,0.1,0.5,130.5,12.92079207920792
41.7,29.0,75.4,5.5,5.9,1.6,0.7,3.5,1651.1,41.8
42.6,32.2,77.7,6.1,2.8,1.2,0.5,3.0,1722.0,47.178082191780824
38.6,39.0,80.4,3.4,6.8,1.3,0.3,2.7,912.0,25.617977528089888
46.5,30.2,74.7,4.0,4.5,1.4,0.6,3.2,988.1999999999999,28.31518624641834
45.9,35.7,70.1,7.4,1.0,0.8,1.4,1.4,862.5,25.746268656716417
40.0,30.5,78.6,3.8,1.5,1.0,0.2,1.6,672.0,23.013698630136986
38.4,23.8,81.6,3.2,6.5,1.1,0.1,2.5,390.5,14.57089552238806
40.3,35.8,63.1,4.3,1.3,0.6,0.1,1.0,496.4,20.261224489795918
45.9,0.0,76.5,6.3,0.7,0.4,0.3,1.0,547.5,22.90794979079498
43.0,30.3,70.3,5.5,1.4,1.0,0.8,1.0,576.1999999999999,24.31223628691983
46.0,0.0,69.7,5.6,1.0,0.3,0.9,1.9,500.2,22.23111111111111
35.9,30.2,71.8,1.3,2.9,0.8,0.1,0.9,155.4,10.025806451612903
45.7,15.4,70.5,4.0,1.3,0.7,0.1,1.2,171.0,8.952879581151832
39.4,44.4,62.9,3.6,1.2,0.7,0.4,1.1,291.40000000000003,15.336842105263159
38.6,37.1,82.1,1.6,2.8,0.8,0.1,1.7,442.5,23.79032258064516
49.4,30.6,76.9,2.6,2.1,0.9,0.2,0.8,476.0,25.591397849462364
35.5,21.2,59.5,4.5,0.7,0.9,0.8,0.9,172.20000000000002,9.620111731843577
40.0,31.4,75.6,1.6,2.2,1.1,0.2,1.5,477.90000000000003,27.94736842105263
41.4,33.8,82.3,1.6,2.4,0.8,0.1,1.2,379.5,23.57142857142857
40.1,31.1,72.8,1.2,1.0,0.5,0.1,1.1,365.70000000000005,25.220689655172418
40.4,38.2,47.8,2.8,0.4,1.2,0.5,0.6,112.80000000000001,7.47019867549669
38.0,25.6,78.6,1.3,1.3,0.5,0.0,0.9,285.0,21.11111111111111
47.4,0.0,71.3,4.2,0.8,0.4,0.4,0.7,269.8,20.595419847328245
47.5,0.0,75.0,2.9,0.6,0.5,0.5,0.5,154.0,12.222222222222223
35.4,30.0,81.5,1.7,0.5,0.2,0.2,0.4,123.0,9.919354838709678
35.2,39.1,79.2,1.5,0.5,0.3,0.1,0.6,333.0,27.983193277310924
42.4,40.4,81.1,2.3,1.0,0.6,0.2,0.7,274.4,18.540540540540537
45.7,0.0,44.2,3.3,0.5,0.4,0.0,0.6,126.0,11.150442477876105
40.3,47.7,83.3,1.3,0.3,0.3,0.1,0.5,143.5,13.798076923076923
42.5,33.3,70.5,1.8,1.6,0.4,0.1,0.6,172.79999999999998,17.108910891089106
29.1,30.0,64.0,1.0,1.1,0.3,0.1,0.5,68.4,7.125000000000001
45.3,37.0,88.5,1.0,0.4,0.3,0.1,0.1,183.6,21.10344827586207
43.8,33.3,66.7,0.4,0.1,0.1,0.0,0.4,19.2,4.363636363636363
41.6,31.8,82.4,5.1,2.7,1.8,0.4,2.5,1201.2,32.81967213114754
50.4,38.3,75.0,1.7,1.1,0.4,0.1,1.0,330.0,22.297297297297295
47.2,20.0,66.1,8.8,1.0,0.8,1.1,2.3,1107.0,35.36741214057508
36.9,31.6,80.0,1.7,2.8,0.8,0.1,1.8,629.8000000000001,21.349152542372885
45.7,29.2,71.2,6.5,1.2,0.8,0.5,2.1,875.0,32.649253731343286
39.9,32.2,64.0,2.6,4.7,1.1,0.2,2.3,712.5,27.29885057471264
53.6,0.0,77.1,7.5,1.3,0.7,0.6,1.3,810.0,32.015810276679844
52.9,14.3,52.1,5.7,0.8,0.5,1.1,1.7,436.1,20.966346153846153
36.2,25.0,65.2,3.0,3.4,1.0,0.2,1.9,418.2,17.139344262295083
36.9,35.3,76.6,2.3,2.6,0.6,0.1,0.9,531.2,22.604255319148937
40.5,32.3,76.0,2.8,1.0,0.6,0.3,0.7,171.6,7.526315789473684
30.5,29.3,80.0,1.3,0.6,0.4,0.2,0.4,217.0,15.174825174825173
39.3,26.9,79.0,2.7,2.2,1.0,0.6,1.4,407.1,17.397435897435898
36.2,29.2,73.1,2.6,1.3,0.3,0.6,1.1,540.0,25.714285714285715
47.1,0.0,51.9,6.6,0.5,0.6,0.2,0.8,214.4,10.50980392156863
40.2,32.2,83.1,1.8,2.5,0.7,0.2,2.0,409.2,24.50299401197605
42.2,22.2,78.4,3.4,0.7,0.6,0.2,0.9,480.0,28.915662650602407
40.3,34.7,78.0,2.6,1.3,0.7,0.2,1.1,467.40000000000003,29.39622641509434
46.6,0.0,72.6,3.2,0.6,0.3,0.3,0.7,153.9,10.914893617021278
37.3,31.5,68.6,1.2,1.0,0.5,0.1,0.8,367.2,23.09433962264151
38.4,29.8,80.4,1.7,1.0,0.6,0.1,1.0,268.8,17.454545454545453
49.5,0.0,70.3,3.3,0.3,0.2,0.6,1.0,234.0,15.194805194805195
33.8,28.6,78.7,1.5,2.0,0.6,0.1,0.6,147.20000000000002,9.813333333333334
43.4,0.0,69.5,2.4,0.9,0.2,0.1,0.7,168.0,12.086330935251798
38.7,33.3,67.4,1.2,0.4,0.4,0.3,0.9,198.9,15.18320610687023
46.6,0.0,68.0,3.0,0.3,0.2,0.4,0.8,264.0,21.29032258064516
38.5,41.7,50.0,1.3,0.8,0.5,0.1,0.5,133.39999999999998,11.30508474576271
51.4,18.2,68.9,2.6,0.6,0.4,0.8,0.6,285.59999999999997,20.69565217391304
39.3,27.9,69.6,1.2,0.9,0.1,0.1,0.8,228.0,19.82608695652174
43.1,25.0,68.4,1.4,0.2,0.2,0.5,0.5,159.89999999999998,14.150442477876103
52.1,0.0,50.0,2.3,0.5,0.1,0.3,0.6,170.20000000000002,16.365384615384617
41.2,36.1,80.8,0.9,1.7,0.3,0.0,1.1,185.0,17.961165048543688
44.9,42.6,64.7,1.1,0.6,0.2,0.3,0.5,138.6,13.326923076923077
29.2,0.0,59.0,2.1,0.2,0.2,0.4,0.5,91.19999999999999,9.806451612903224
41.4,32.3,74.3,0.9,0.7,0.3,0.1,0.5,134.4,17.0126582278481
37.9,28.0,70.0,0.9,0.4,0.4,0.1,0.6,93.60000000000001,12.315789473684212
50.0,33.3,35.0,1.0,0.2,0.3,0.0,0.4,127.19999999999999,20.19047619047619
41.0,32.4,79.2,1.5,1.9,0.6,0.1,0.8,285.0,23.36065573770492
29.7,35.7,75.0,0.4,0.6,0.1,0.1,0.1,30.400000000000002,5.241379310344828
42.9,37.3,70.0,5.4,2.8,1.6,1.0,2.0,1123.2,28.29219143576826
42.6,33.3,67.1,4.3,3.0,1.3,0.4,2.0,1152.0,35.01519756838906
38.0,24.0,70.4,3.7,8.1,1.7,0.5,3.4,752.0,24.65573770491803
41.9,32.3,67.5,2.6,4.3,1.2,0.1,2.0,708.4,24.095238095238095
42.5,36.4,76.3,3.3,2.2,0.7,0.6,1.3,678.5999999999999,23.644599303135887
40.6,26.5,80.0,2.4,0.5,0.3,0.5,0.4,209.0,17.71186440677966
36.6,33.0,74.4,5.7,0.7,0.2,1.8,0.6,642.4000000000001,24.707692307692312
43.0,29.2,77.4,3.3,2.3,0.8,0.3,0.9,577.5,23.192771084337352
45.3,34.5,77.5,2.8,3.7,1.5,0.2,2.1,512.3000000000001,20.825203252032523
45.7,23.2,71.3,3.7,1.8,0.8,0.6,1.4,742.6,30.559670781893004
40.0,12.1,83.8,2.4,3.0,1.4,0.1,1.4,482.40000000000003,21.157894736842106
46.1,0.0,74.0,4.2,0.8,0.4,0.3,0.8,448.0,21.747572815533978
49.3,0.0,60.6,5.2,0.5,0.3,1.5,0.8,316.2,15.5
49.7,0.0,60.4,4.8,0.8,0.4,1.3,1.4,433.09999999999997,22.0969387755102
42.1,50.0,70.1,3.9,1.1,0.4,0.6,0.9,346.5,18.934426229508198
42.1,33.3,77.6,3.9,0.9,0.4,0.3,1.0,483.8,27.333333333333336
38.4,19.2,64.3,3.1,0.9,0.3,0.4,0.7,258.4,15.852760736196316
50.1,0.0,65.6,3.8,0.3,0.2,0.7,1.0,482.40000000000003,30.150000000000002
36.7,25.9,78.3,1.4,3.0,0.9,0.0,1.5,190.79999999999998,12.23076923076923
45.3,36.4,63.9,1.3,2.0,0.9,0.1,0.8,230.4,15.258278145695366
38.7,0.0,70.7,3.5,0.8,0.3,0.5,0.8,256.5,17.937062937062937
34.1,28.4,67.1,1.1,1.5,0.6,0.1,1.0,322.40000000000003,22.865248226950357
35.0,24.5,72.7,1.4,1.1,0.3,0.1,0.7,84.0,7.43362831858407
53.6,0.0,55.4,3.9,0.1,0.4,0.7,0.6,202.1,15.427480916030534
42.6,33.3,75.0,1.1,1.8,0.5,0.1,1.0,124.0,12.277227722772277
45.6,0.0,58.5,1.8,0.1,0.1,0.8,0.3,190.8,19.670103092783506
34.4,0.0,73.3,2.0,0.4,0.3,0.6,0.6,108.0,12.558139534883722
51.7,0.0,73.7,2.0,0.1,0.1,0.1,0.6,164.3,19.329411764705885
42.9,0.0,50.0,1.6,0.5,0.3,0.1,0.4,172.8,21.6
38.2,38.5,92.3,0.5,1.2,0.2,0.0,0.5,79.8,10.783783783783782
44.9,0.0,66.7,1.7,0.3,0.2,0.1,0.4,114.8,19.79310344827586
31.8,29.4,50.0,0.5,0.2,0.2,0.0,0.2,63.0,11.25
57.1,0.0,54.5,3.1,0.3,0.1,0.8,0.4,183.3,16.816513761467892
44.5,9.1,63.0,7.4,1.9,1.1,1.7,2.0,816.0,24.4311377245509
46.7,21.7,80.2,7.5,1.2,0.7,0.6,1.9,633.5999999999999,21.551020408163264
43.6,40.7,71.1,4.0,1.7,0.6,0.2,1.2,975.8000000000001,33.53264604810997
50.5,5.3,52.1,5.9,1.2,0.6,1.5,1.8,761.4,28.95057034220532
43.1,38.2,71.7,3.2,1.3,0.8,0.3,1.0,744.0,32.92035398230088
38.9,0.0,66.7,3.7,1.2,0.9,0.1,1.2,438.59999999999997,19.493333333333332
43.0,25.6,72.7,4.3,1.1,0.4,0.3,1.7,684.0,31.232876712328768
42.5,33.5,71.9,2.7,1.8,1.1,0.2,1.7,631.4,29.231481481481477
41.7,37.0,82.0,2.2,1.0,0.7,0.1,1.1,617.5,28.990610328638496
44.2,0.0,79.4,4.7,0.3,0.3,0.9,1.4,448.4,22.646464646464644
42.7,31.6,63.3,2.1,0.2,0.3,0.1,0.5,233.10000000000002,21.785046728971967
43.1,26.9,73.6,3.2,0.8,0.5,0.3,0.7,460.20000000000005,23.6
37.0,33.3,77.8,1.6,2.9,1.0,0.0,1.1,315.0,16.844919786096256
44.2,33.1,62.7,3.4,0.8,0.6,0.1,0.8,615.6,34.39106145251397
50.5,0.0,69.7,3.6,0.5,0.6,1.2,1.0,249.6,14.511627906976745
35.2,35.0,79.4,1.5,2.3,0.7,0.2,1.4,280.59999999999997,16.313953488372093
37.4,32.3,73.6,2.3,0.8,0.6,0.4,1.2,397.79999999999995,23.678571428571423
45.1,0.0,60.3,3.6,0.4,0.8,1.0,0.8,392.0,23.902439024390247
40.9,35.0,69.8,1.2,2.3,0.5,0.1,1.2,448.40000000000003,27.50920245398773
40.0,29.4,70.8,1.7,2.7,0.6,0.0,1.8,421.20000000000005,25.840490797546014
41.4,39.6,90.3,1.2,1.3,0.4,0.0,0.6,265.0,16.459627329192546
48.5,0.0,74.4,2.2,0.6,0.2,0.1,0.6,163.79999999999998,14.625
42.1,34.5,68.6,0.8,1.0,0.3,0.0,0.7,250.0,22.727272727272727
50.5,16.7,72.4,1.4,0.7,0.5,0.1,0.8,264.0,24.444444444444443
47.8,0.0,68.9,1.9,0.2,0.3,0.4,0.9,167.4,15.5
41.3,28.3,76.7,2.2,3.0,0.7,0.5,2.2,167.5,7.4115044247787605
39.7,38.0,72.5,1.2,0.7,0.2,0.0,0.5,152.0,15.04950495049505
48.7,100.0,70.3,2.2,0.3,0.1,0.1,0.4,140.0,15.217391304347828
34.1,8.3,68.4,0.7,0.5,0.3,0.1,0.7,88.0,12.054794520547945
48.2,0.0,68.5,10.0,1.9,0.8,1.6,2.8,1628.1000000000001,44.002702702702706
43.8,36.0,71.9,7.8,4.2,1.2,1.3,3.4,1261.6000000000001,34.659340659340664
44.5,34.5,78.6,5.3,6.6,1.5,0.4,4.0,1386.0,38.393351800554015
40.7,31.4,67.4,4.3,2.8,1.6,0.5,2.3,864.0,27.781350482315112
51.1,35.9,82.6,3.7,2.8,0.8,0.3,1.1,846.8,28.511784511784512
42.4,28.1,75.3,5.2,2.5,1.6,0.2,1.3,482.40000000000003,18.0
44.9,20.4,77.4,3.4,5.8,1.0,0.2,2.0,910.1999999999999,35.69411764705882
42.9,37.3,80.0,3.9,1.8,1.2,0.4,1.2,664.1999999999999,26.252964426877465
39.9,26.2,66.0,6.1,1.6,0.8,0.3,1.6,597.6,23.904
47.1,18.2,84.7,6.5,1.4,0.8,1.0,1.0,520.1999999999999,21.06072874493927
40.5,32.5,75.1,2.5,3.3,1.2,0.2,1.8,705.0,29.497907949790797
39.5,13.0,75.0,2.5,4.8,1.2,0.1,2.2,497.7,21.17872340425532
41.5,29.3,80.7,2.0,4.3,1.1,0.1,1.9,656.1,28.158798283261802
42.4,35.0,72.9,1.5,3.7,0.6,0.0,1.7,779.0,39.34343434343434
42.0,36.4,77.4,1.8,1.5,0.4,0.1,1.2,639.0,33.10880829015544
47.6,38.5,68.3,3.6,1.1,0.8,0.4,0.8,273.6,14.250000000000002
39.9,35.2,80.8,4.2,3.3,1.2,0.3,1.4,531.0,16.38888888888889
42.0,22.5,63.4,2.0,3.8,1.2,0.2,1.7,483.8,26.01075268817204
47.8,18.2,75.1,3.9,0.8,0.3,0.3,1.8,646.8000000000001,36.337078651685395
54.9,0.0,73.4,2.7,0.5,0.7,0.4,0.6,469.0,28.25301204819277
42.0,0.0,48.9,3.5,0.6,0.4,0.4,0.8,156.20000000000002,11.4014598540146
36.3,35.8,67.5,1.2,2.5,0.3,0.0,0.9,139.5,10.488721804511277
37.2,36.5,73.1,1.5,0.5,0.3,0.2,0.6,281.2,23.2396694214876
39.3,11.1,71.7,2.2,0.4,0.8,0.3,0.3,130.0,11.504424778761061
42.6,0.0,63.2,1.8,0.3,0.3,0.2,0.5,124.2,13.500000000000002
31.4,29.5,70.4,1.9,0.5,0.3,0.2,0.5,122.2,13.282608695652176
46.2,0.0,60.9,8.1,1.7,1.8,1.9,1.9,742.5,24.107142857142858
39.8,0.0,46.3,2.0,0.2,0.1,0.9,0.3,88.0,9.887640449438202
30.9,28.6,66.7,0.7,1.5,0.2,0.0,0.7,153.4,18.707317073170735
43.9,0.0,59.5,1.0,0.9,0.4,0.0,0.8,106.0,14.324324324324323
38.9,34.0,65.9,1.5,0.2,0.2,0.1,0.4,156.8,22.400000000000002
40.6,0.0,66.7,1.5,0.0,0.2,0.1,0.5,33.0,5.5
37.4,31.0,75.2,3.1,6.0,1.9,0.0,2.9,640.0,17.728531855955676
45.0,28.8,76.1,5.7,3.0,1.1,1.5,2.2,915.0,25.99431818181818
43.0,20.3,75.1,2.7,6.5,1.6,0.1,2.9,660.0,18.75
43.9,41.2,71.3,6.4,2.4,1.7,1.0,2.4,792.0,23.294117647058822
42.5,26.2,55.1,4.3,6.5,1.7,0.2,2.5,729.8000000000001,24.006578947368425
46.5,43.3,63.9,1.7,1.9,0.5,0.2,1.3,545.0,17.46794871794872
50.0,0.0,71.7,10.3,0.9,0.9,0.6,1.2,176.4,5.802631578947369
35.7,35.7,50.7,5.2,0.6,0.4,0.3,0.8,151.70000000000002,9.980263157894738
42.5,35.8,81.8,2.3,2.5,0.9,0.5,1.6,485.1,16.333333333333336
44.9,36.5,78.2,3.5,1.6,1.5,0.4,1.1,505.0,19.573643410852714
45.2,30.0,58.8,6.4,0.7,0.8,0.3,1.4,451.2,20.053333333333335
46.3,40.0,71.3,4.3,0.9,0.6,0.1,1.5,409.99999999999994,18.385650224215244
49.0,25.0,69.7,5.5,1.7,1.2,0.2,1.9,307.5,10.423728813559322
41.1,15.4,70.9,3.8,1.5,0.9,0.3,1.4,455.0,22.97979797979798
53.7,0.0,53.8,3.7,0.8,0.9,0.9,0.9,259.7,16.23125
46.8,0.0,67.5,3.0,0.4,0.4,0.3,0.5,303.8,19.10691823899371
32.9,16.7,75.0,1.2,1.6,0.5,0.2,1.1,172.2,11.55704697986577
45.0,0.0,56.8,3.4,0.4,0.4,1.1,0.8,92.39999999999999,6.328767123287671
36.1,40.3,82.4,1.8,1.8,0.5,0.0,0.7,124.80000000000001,8.727272727272728
50.0,38.9,71.4,1.9,0.5,0.2,0.1,0.5,218.39999999999998,15.826086956521737
36.7,33.5,64.6,3.3,3.1,1.5,0.3,1.3,522.6,19.355555555555558
36.4,32.7,100.0,0.9,1.5,0.3,0.1,0.9,119.0,9.153846153846153
73.7,0.0,50.0,3.0,0.2,0.4,0.8,0.4,132.6,10.440944881889765
56.5,50.0,79.4,3.1,0.6,0.2,0.5,0.8,239.4,19.46341463414634
40.5,16.7,76.3,1.8,1.3,0.7,0.1,1.2,207.0,17.107438016528928
36.5,40.0,55.6,1.6,0.7,0.3,0.1,0.6,96.0,8.727272727272727
37.6,21.4,67.5,1.3,0.3,0.3,0.3,0.7,117.8,11.436893203883495
38.0,10.0,82.2,1.5,0.4,0.1,0.0,0.7,163.2,16.0
38.0,16.7,66.7,0.8,1.5,0.3,0.0,0.9,66.0,6.6
39.5,20.0,69.2,2.0,0.5,0.3,0.1,0.4,78.3,8.510869565217392
29.4,26.1,75.0,0.9,0.8,0.2,0.0,0.5,50.400000000000006,5.929411764705883
44.8,31.4,82.9,3.2,3.5,0.9,0.2,1.6,702.1,28.084
44.3,0.0,77.8,1.9,0.4,0.5,0.2,0.6,115.5,14.25925925925926
37.1,30.0,78.6,0.7,0.9,0.1,0.0,0.7,79.2,11.0
41.2,16.7,71.0,1.3,0.1,0.2,0.1,0.5,64.80000000000001,10.800000000000002
35.7,0.0,57.1,1.4,0.1,0.2,0.1,0.5,41.6,8.851063829787234
42.6,30.8,84.6,6.6,1.7,1.0,0.4,2.6,1221.3999999999999,32.57066666666666
45.0,10.7,83.9,3.5,2.2,1.6,0.2,1.6,1224.0,36.75675675675676
44.1,0.0,80.1,3.2,8.2,2.5,0.2,2.4,720.0,23.225806451612904
48.0,0.0,71.6,4.0,2.0,1.2,0.6,2.0,828.1999999999999,26.889610389610386
48.0,0.0,71.6,4.0,2.0,1.2,0.6,2.0,828.1999999999999,26.889610389610386
39.2,25.9,81.4,4.4,4.7,1.5,0.2,2.7,788.8,26.293333333333333
42.2,34.1,84.2,2.8,3.6,0.7,0.1,2.5,777.6999999999999,31.485829959514167
37.1,32.8,72.7,2.2,4.3,0.8,0.1,1.6,577.5,19.642857142857142
40.8,20.2,87.3,2.8,3.4,1.3,0.2,1.9,772.1999999999999,27.677419354838708
37.4,32.9,85.0,2.4,3.9,1.3,0.1,2.2,896.0,32.34657039711191
41.6,21.2,65.9,1.9,4.5,0.7,0.1,2.2,577.1999999999999,21.863636363636363
40.4,32.1,78.3,1.9,1.2,0.8,0.4,1.1,508.2,21.81115879828326
44.6,21.4,70.2,5.4,0.9,0.8,1.1,1.5,546.0,23.53448275862069
44.7,36.3,74.0,3.7,1.2,0.7,0.2,1.5,847.0,36.666666666666664
45.2,33.3,77.6,5.6,1.0,0.6,0.4,2.0,816.0,36.10619469026548
47.6,0.0,70.9,4.2,0.7,0.5,0.6,1.5,816.5,38.33333333333333
49.0,14.3,67.9,4.5,1.2,0.4,0.3,1.2,494.0,23.523809523809526
44.3,32.1,72.2,1.5,1.9,0.7,0.1,1.1,324.0,16.363636363636363
36.7,25.0,61.7,1.2,1.9,1.1,0.2,1.7,336.4,18.282608695652176
45.0,34.1,71.2,4.2,1.5,0.8,0.9,1.0,448.0,24.347826086956523
34.8,36.1,67.7,1.5,2.6,0.7,0.1,1.4,163.4,9.963414634146343
40.7,37.7,62.1,2.4,0.9,0.5,0.2,1.3,243.20000000000002,17.496402877697843
42.8,0.0,68.8,3.4,0.3,0.4,1.3,0.6,281.2,20.676470588235293
43.9,39.8,57.1,3.6,1.3,0.6,0.5,1.1,217.60000000000002,10.312796208530806
41.4,11.1,65.2,5.1,0.9,0.6,0.3,1.4,214.4,9.281385281385282
44.9,0.0,59.7,2.9,0.3,0.2,1.4,0.7,232.0,18.125
37.8,0.0,70.0,1.1,1.9,0.4,0.0,1.3,122.5,9.959349593495935
41.4,16.7,72.1,1.7,0.9,0.4,0.1,0.8,128.7,12.742574257425742
48.7,0.0,75.9,2.0,0.3,0.4,0.2,0.8,151.2,15.272727272727272
47.1,0.0,52.2,2.4,0.5,0.5,0.1,0.8,136.5,14.52127659574468
36.1,37.5,70.6,0.8,1.9,0.2,0.0,1.2,139.5,14.999999999999998
32.9,28.6,42.9,0.6,1.2,0.6,0.1,0.7,53.199999999999996,6.909090909090908
41.8,33.3,83.8,1.0,0.2,0.3,0.2,0.5,152.0,23.75
39.7,32.1,65.0,0.7,0.5,0.3,0.1,0.3,70.3,13.264150943396226
41.6,34.1,70.2,4.1,7.5,2.1,0.3,4.4,1786.0,44.53865336658354
42.6,37.7,77.1,3.9,3.0,1.9,0.4,1.6,1344.8,36.643051771117165
42.5,32.7,63.1,9.0,3.2,1.3,0.7,2.8,1435.0,39.64088397790055
45.3,25.9,74.6,6.9,2.2,1.0,1.0,2.8,1496.0,42.74285714285714
40.8,35.4,72.7,2.7,7.8,1.0,0.3,3.1,1058.6000000000001,30.50720461095101
43.0,39.3,82.3,4.0,2.6,0.9,0.1,1.8,1098.8,35.55987055016181
48.2,14.3,69.3,6.3,1.5,1.1,2.1,2.1,932.4000000000001,30.976744186046513
44.1,40.4,76.3,2.0,3.7,1.0,0.0,1.5,770.8000000000001,26.487972508591067
48.1,25.0,58.7,6.1,0.6,0.6,0.8,1.0,562.1,22.394422310756973
39.6,28.7,75.2,3.2,1.2,0.7,1.1,1.7,489.8,22.46788990825688
57.3,0.0,69.6,7.3,0.6,0.6,1.4,0.5,544.0,22.20408163265306
37.9,38.2,61.5,1.7,1.6,0.7,0.2,0.8,188.6,11.36144578313253
46.2,51.1,68.7,2.8,0.8,0.4,0.1,1.1,383.5,23.384146341463417
50.9,0.0,62.0,4.5,0.5,0.4,0.8,0.7,340.8,20.9079754601227
41.7,37.5,81.9,1.9,1.3,0.7,0.3,1.6,539.6,34.81290322580645
43.7,40.9,64.6,1.5,2.4,0.6,0.2,1.6,249.6,16.313725490196077
54.9,0.0,60.5,3.5,0.3,0.2,0.4,1.0,273.59999999999997,18.11920529801324
39.0,100.0,63.7,4.1,0.6,0.3,1.0,1.2,367.2,25.15068493150685
41.4,36.5,76.3,2.3,1.7,0.6,0.2,0.9,434.99999999999994,20.4225352112676
46.5,46.4,82.4,1.6,1.6,0.6,0.1,1.1,329.40000000000003,23.19718309859155
44.4,0.0,64.9,3.4,0.4,0.3,0.5,0.9,215.0,15.357142857142858
42.9,0.0,69.1,3.3,0.3,0.1,0.3,0.7,307.5,24.212598425196852
51.7,50.0,71.8,2.3,0.5,0.3,0.4,1.1,326.4,28.137931034482758
39.7,30.1,65.8,1.2,1.5,0.5,0.1,0.9,312.0,27.130434782608695
41.7,20.0,56.5,2.9,0.3,0.3,0.3,0.4,176.70000000000002,16.990384615384617
45.1,0.0,60.3,2.8,0.2,0.0,0.6,0.6,184.49999999999997,18.088235294117645
47.7,0.0,61.3,3.0,0.6,0.5,0.3,0.8,162.0,16.701030927835053
44.6,0.0,73.8,2.4,0.2,0.2,0.5,0.6,154.0,16.210526315789473
35.2,31.4,59.1,3.0,1.2,0.6,1.1,1.3,409.5,19.316037735849058
53.2,0.0,48.6,1.6,0.4,0.3,0.2,0.6,82.8,9.409090909090908
52.6,0.0,55.2,1.7,0.2,0.1,0.1,0.4,77.0,10.0
38.2,28.6,57.1,0.7,0.4,0.2,0.3,0.5,63.0,11.454545454545455
55.1,0.0,56.5,1.2,0.3,0.0,0.3,1.1,112.0,21.96078431372549
42.6,39.5,79.7,4.0,9.3,1.4,0.3,3.8,1330.0,32.51833740831296
47.6,32.8,74.9,4.6,3.5,1.0,0.4,1.6,1230.0,31.377551020408163
41.4,31.8,74.7,3.7,3.9,1.1,1.1,3.5,1382.3999999999999,36.864
45.8,35.7,77.3,8.7,1.0,1.0,1.6,1.7,1254.6000000000001,36.470930232558146
45.7,0.0,73.2,7.4,1.4,0.6,0.7,2.0,1024.1000000000001,32.10344827586207
41.2,36.8,78.2,2.5,6.1,1.1,0.0,2.4,864.0,27.870967741935484
48.5,0.0,68.3,7.5,1.0,0.7,1.5,2.0,1018.4,33.946666666666665
49.1,28.6,70.5,6.3,1.8,1.1,1.6,1.4,832.0,28.989547038327526
48.7,32.9,65.0,4.7,1.3,0.7,0.8,1.6,656.5,23.87272727272727
47.4,41.6,81.0,2.1,2.9,1.2,0.3,1.5,797.9,33.24583333333333
44.1,30.0,67.1,3.4,1.1,0.9,0.2,1.4,684.8,29.77391304347826
50.1,0.0,66.3,5.9,0.6,0.6,0.5,1.3,666.0,29.732142857142858
48.0,0.0,65.1,5.6,0.6,0.4,0.2,1.1,340.2,16.676470588235293
44.2,0.0,59.5,4.5,0.6,0.6,0.5,1.1,505.6,28.245810055865924
51.3,0.0,55.3,3.4,0.7,0.4,0.2,1.3,517.5,29.23728813559322
43.9,27.3,68.6,4.4,0.8,0.3,0.4,0.9,360.0,20.454545454545453
55.7,0.0,70.8,4.0,0.2,0.2,1.6,0.8,337.5,19.396551724137932
40.2,39.8,76.7,1.0,2.7,0.4,0.0,1.5,231.0,15.608108108108107
41.1,34.6,70.2,1.7,2.9,0.7,0.3,1.5,418.7,28.67808219178082
56.7,0.0,66.2,2.9,0.2,0.7,0.6,0.6,262.2,18.208333333333332
43.1,14.7,70.1,1.8,1.4,0.3,0.2,1.0,279.0,19.928571428571427
38.7,34.4,83.3,1.2,1.1,0.5,0.1,0.7,303.8,22.33823529411765
38.2,36.4,78.6,2.2,2.5,0.8,0.1,1.6,260.09999999999997,13.136363636363635
40.9,26.9,66.1,3.4,0.5,0.4,0.5,0.5,249.6,18.352941176470587
45.3,32.7,65.3,1.4,1.1,0.7,0.2,1.0,290.4,22.338461538461537
47.3,0.0,66.7,3.1,0.1,0.1,1.1,0.4,205.20000000000002,17.689655172413794
46.6,0.0,56.0,2.2,0.4,0.2,0.2,1.4,296.79999999999995,25.80869565217391
33.0,31.0,67.4,1.2,1.5,0.4,0.1,1.2,104.39999999999999,9.238938053097344
41.5,26.2,81.7,1.7,0.7,0.2,0.1,0.7,240.0,24.489795918367346
42.3,32.0,83.3,0.7,1.6,0.3,0.1,1.1,218.3,22.50515463917526
43.8,0.0,58.8,1.9,0.4,0.2,0.1,0.8,182.4,19.0
34.0,31.1,67.4,3.2,1.2,1.2,0.3,1.4,249.1,12.644670050761421
42.0,20.0,59.2,1.0,1.7,0.7,0.0,0.9,116.10000000000001,12.9
34.3,30.3,72.2,0.6,1.2,0.5,0.1,0.8,106.60000000000001,12.113636363636363
37.6,0.0,65.6,1.8,0.2,0.3,0.2,0.7,189.1,23.34567901234568
35.6,22.2,75.0,1.6,0.3,0.2,0.2,0.3,88.2,11.605263157894738
45.0,0.0,56.1,1.5,0.2,0.3,0.1,0.5,132.5,18.928571428571427
39.0,0.0,62.5,0.8,0.1,0.1,0.1,0.1,36.300000000000004,7.891304347826089
47.7,14.8,73.2,6.4,5.0,1.8,0.9,2.9,1393.0,36.37075718015666
45.1,32.1,79.6,6.4,2.5,1.4,0.3,3.9,1752.0,47.351351351351354
45.1,32.1,79.6,6.4,2.5,1.4,0.3,3.9,1752.0,47.351351351351354
48.9,0.0,66.4,8.4,2.5,0.8,0.2,2.5,1105.0,30.609418282548475
57.5,0.0,55.1,5.8,0.7,0.3,0.4,0.8,378.0,19.894736842105264
38.5,27.2,69.8,5.4,7.7,1.9,0.3,3.2,924.3,27.346153846153847
40.2,29.8,75.4,4.4,1.6,0.9,0.7,2.0,1142.1,36.142405063291136
46.0,37.0,72.2,3.9,2.0,2.0,0.6,1.2,896.0,28.903225806451612
53.4,0.0,63.5,7.3,0.5,0.4,0.8,1.4,780.0,26.262626262626263
39.4,28.4,66.2,5.6,1.5,0.6,1.2,1.6,907.1999999999999,31.282758620689652
51.1,25.0,63.6,7.5,1.2,0.6,1.4,2.0,1056.0,36.92307692307692
46.5,0.0,64.5,6.0,0.6,0.5,1.3,1.9,900.6,34.772200772200776
48.4,43.6,79.2,2.6,1.3,0.6,0.3,1.0,811.2,35.116883116883116
48.5,28.6,44.7,7.4,0.7,0.5,0.6,1.4,448.8,19.858407079646017
45.4,31.6,73.9,2.7,4.8,0.8,0.3,2.0,664.1999999999999,29.918918918918916
41.9,37.5,68.1,2.5,1.3,1.0,0.3,0.9,188.8,10.042553191489361
44.3,39.2,71.4,2.8,4.3,1.1,0.1,2.0,616.4,28.275229357798164
38.0,32.8,75.3,1.3,4.1,0.8,0.1,1.4,307.4,15.927461139896371
44.4,39.3,68.5,2.9,2.0,0.8,0.4,0.9,292.5,15.896739130434783
47.5,21.4,64.8,1.9,2.7,0.8,0.0,1.5,273.8,15.043956043956046
46.5,0.0,49.2,3.4,0.5,0.6,0.6,0.8,300.8,18.683229813664596
45.7,0.0,61.4,2.7,1.1,0.7,0.2,0.9,241.79999999999998,15.303797468354428
51.5,16.7,83.3,2.2,1.0,0.5,0.3,0.7,378.0,25.2
44.1,37.4,78.3,1.6,1.0,0.5,0.2,0.8,567.0,38.053691275167786
38.1,31.4,70.0,1.1,3.2,0.7,0.0,1.8,192.5,13.095238095238097
59.1,100.0,48.9,3.3,0.5,0.2,0.6,0.5,179.4,14.015625
45.1,0.0,44.7,2.4,1.2,0.5,0.1,1.0,135.29999999999998,10.999999999999998
53.0,40.0,61.8,3.3,0.8,0.4,0.1,0.8,188.6,16.4
32.8,24.3,77.5,1.0,1.9,0.4,0.1,1.0,117.6,10.407079646017698
43.3,0.0,75.0,2.3,0.5,0.4,0.4,0.5,143.10000000000002,12.776785714285717
50.0,26.3,67.9,1.2,1.0,0.6,0.2,0.8,198.0,17.67857142857143
38.4,30.1,64.9,1.1,1.0,0.2,0.1,0.9,266.79999999999995,25.169811320754715
42.4,0.0,69.4,2.6,0.6,0.2,0.1,0.8,206.5,20.858585858585858
47.9,0.0,68.3,1.9,0.2,0.2,1.1,0.3,93.5,9.63917525773196
38.8,36.0,68.2,1.4,0.4,0.3,0.4,0.7,168.1,17.510416666666668
56.2,33.3,41.0,1.2,0.7,0.4,0.1,0.7,151.79999999999998,16.5
37.2,24.0,65.3,0.8,0.4,0.3,0.1,0.4,126.0,15.555555555555555
42.6,38.4,71.1,0.5,1.0,0.3,0.0,1.0,235.2,36.184615384615384
39.5,31.0,66.7,0.6,1.1,0.3,0.1,0.7,117.8,18.123076923076923
46.6,26.7,74.2,5.4,6.6,2.3,0.6,3.6,1312.0,35.652173913043484
40.6,28.4,69.9,4.5,3.4,1.1,0.2,3.1,1516.8,41.329700272479556
39.4,33.8,78.1,2.9,5.8,1.1,0.1,1.8,1101.6,33.08108108108108
55.2,0.0,53.2,9.1,3.6,1.2,2.2,2.7,1330.0,41.43302180685358
44.7,27.1,72.1,3.6,0.7,0.5,0.5,0.8,244.4,14.376470588235295
50.1,20.0,56.9,7.6,2.0,0.7,1.4,2.0,1107.0,35.48076923076923
46.8,36.0,81.1,4.0,2.6,0.7,0.3,2.8,1311.4,42.8562091503268
37.5,33.3,73.2,2.3,4.8,1.5,0.1,2.2,844.6,31.871698113207547
41.9,31.1,77.8,5.1,1.6,0.7,0.6,1.1,742.6,29.0078125
50.8,0.0,59.6,5.8,1.4,1.4,0.4,1.2,681.6,27.483870967741936
41.5,16.7,75.7,6.2,1.2,0.9,1.2,0.9,450.3,18.230769230769234
47.0,4.3,77.0,2.9,1.9,1.0,0.1,1.7,780.0,31.578947368421055
58.7,0.0,59.2,5.7,1.0,1.0,1.0,0.8,255.3,10.863829787234042
47.9,0.0,72.9,7.5,1.2,0.8,0.4,1.2,469.8,21.45205479452055
50.8,0.0,64.2,6.2,0.7,0.6,1.0,1.3,623.7,29.144859813084118
40.5,29.9,82.4,1.5,1.3,0.4,0.2,1.3,671.5,34.973958333333336
54.5,0.0,71.1,3.1,0.6,1.5,0.0,0.9,426.29999999999995,22.675531914893615
43.9,38.0,67.2,2.9,1.3,0.8,0.6,1.7,639.9,35.94943820224719
49.5,0.0,57.8,3.0,1.0,0.7,0.3,1.2,517.5,29.40340909090909
41.8,29.5,84.1,2.0,2.9,0.9,0.1,1.4,442.2,26.011764705882353
48.4,9.1,61.4,2.7,0.8,1.0,0.3,0.8,335.0,20.059880239520957
47.6,0.0,60.0,3.5,0.7,0.6,0.1,0.8,96.60000000000001,6.0375000000000005
36.2,26.6,82.5,2.3,0.8,0.7,0.3,0.6,216.2,13.024096385542167
40.6,0.0,67.5,3.3,0.2,0.3,0.7,1.0,407.0,26.258064516129032
42.1,21.2,73.1,2.0,1.4,0.6,0.1,1.0,415.8,27.536423841059605
41.9,33.3,65.7,2.6,1.2,0.7,0.3,0.9,244.79999999999998,16.32
59.2,0.0,54.7,3.4,0.3,0.3,0.3,0.7,244.8,18.83076923076923
40.0,8.0,83.6,1.2,0.9,0.9,0.1,0.9,336.0,26.45669291338583
53.9,0.0,54.5,3.1,0.4,0.3,0.5,0.6,176.0,14.545454545454547
37.7,40.4,75.3,1.1,1.2,0.4,0.1,0.9,339.2,28.504201680672267
36.5,31.5,67.2,1.3,1.2,0.5,0.3,0.9,278.4,24.0
43.7,0.0,61.3,2.9,0.8,0.3,0.5,0.8,201.0,19.514563106796114
35.5,26.2,75.0,2.5,0.9,0.6,0.3,1.0,210.60000000000002,12.686746987951807
36.8,23.4,83.0,0.7,2.1,0.6,0.1,0.9,186.0,20.666666666666668
30.5,33.3,80.0,0.7,1.3,0.3,0.0,0.9,72.0,8.470588235294118
52.2,50.0,82.4,0.8,1.5,0.3,0.1,0.6,163.2,20.4
31.8,20.8,44.4,0.9,0.4,0.4,0.3,0.5,72.2,9.626666666666667
40.4,27.9,75.9,1.7,0.5,0.3,0.1,0.6,159.0,22.083333333333332
41.5,0.0,63.0,2.6,0.2,0.2,0.5,0.5,117.0,18.870967741935484
31.7,33.3,73.5,0.8,0.3,0.2,0.1,0.3,129.2,23.49090909090909
48.6,0.0,54.1,1.3,0.2,0.1,0.2,0.3,89.3,19.0
56.2,0.0,59.2,13.9,1.9,0.7,3.5,3.8,1895.3999999999999,50.010554089709764
46.4,36.9,74.6,3.5,3.8,1.6,0.7,2.6,1185.8,33.30898876404494
47.4,10.0,83.5,8.7,2.8,1.3,1.0,3.4,1474.2,42.240687679083095
42.6,28.1,64.4,9.6,3.8,1.6,0.4,2.8,1190.7,34.51304347826087
51.1,0.0,78.1,10.3,1.0,0.3,3.5,3.0,1638.0,48.31858407079646
50.4,15.4,74.8,9.1,1.8,0.9,1.4,1.9,1205.3999999999999,35.982089552238804
46.9,25.0,71.3,7.2,1.8,1.0,0.8,2.1,1279.2,39.48148148148149
47.4,25.5,71.5,5.0,2.4,1.0,1.1,2.0,797.9,27.047457627118643
49.3,0.0,60.2,7.4,1.3,0.5,1.1,2.2,972.0,33.51724137931034
43.5,31.9,74.2,4.5,3.0,1.1,0.5,3.0,1003.0,35.316901408450704
43.3,0.0,65.1,6.2,1.1,0.7,0.9,1.7,803.6,28.80286738351255
52.4,33.3,70.7,4.6,1.3,1.8,0.8,1.9,758.4000000000001,27.57818181818182
43.2,29.3,71.7,4.1,1.6,1.1,0.7,1.7,979.8000000000001,36.02205882352941
44.6,0.0,83.2,3.2,1.3,0.6,0.1,1.1,347.1,15.635135135135137
47.1,23.1,72.8,2.4,3.5,0.7,0.1,1.6,364.5,16.568181818181817
46.8,39.0,78.6,2.3,2.2,0.8,0.2,1.6,800.8000000000001,37.24651162790698
40.2,16.7,77.2,2.6,1.6,1.0,0.2,1.5,592.0,27.793427230046948
44.8,0.0,75.9,4.1,1.2,0.8,0.3,1.3,188.0,8.90995260663507
44.3,33.3,72.7,2.8,1.9,0.5,0.4,1.3,700.6999999999999,34.34803921568627
47.5,0.0,71.0,4.9,2.1,0.7,1.8,1.9,313.59999999999997,16.418848167539263
47.5,33.3,76.2,2.0,1.0,0.5,0.1,1.3,751.9000000000001,39.78306878306879
52.8,23.8,73.7,2.1,0.6,0.5,0.2,0.7,244.0,15.844155844155845
50.0,0.0,70.0,5.3,1.0,0.7,0.2,1.2,541.1999999999999,28.634920634920633
45.6,39.1,57.4,1.4,3.3,0.7,0.1,1.0,426.40000000000003,23.30054644808743
43.8,31.6,79.6,1.1,1.7,0.4,0.1,0.9,270.0,16.56441717791411
44.6,28.6,66.5,4.0,0.9,0.6,0.5,1.1,418.7,26.00621118012422
43.3,14.3,79.2,1.2,2.5,0.6,0.2,0.8,344.0,21.772151898734176
35.8,16.7,79.4,1.5,2.3,0.8,0.0,1.3,265.2,21.047619047619047
55.0,0.0,64.3,3.8,0.3,0.3,0.4,0.9,232.20000000000002,19.190082644628102
43.9,10.0,62.5,0.7,2.2,0.4,0.1,0.8,234.0,19.5
36.9,33.3,67.3,0.9,1.4,0.7,0.1,0.9,206.8,17.675213675213676
